h,beta_gpr,se_gpr,lb_gpr,ub_gpr,beta_event,se_event,lb_event,ub_event,nobs,impulse,outcome,outcome_label,specification,gpr_test_series
0,-0.484598093198133,1.31866886215662,-2.65361535386443,1.68441916746816,1.44808131220919,2.27112168449268,-2.28758142777673,5.18374405219511,140,n_OilSpecificThreatShock_EventOnset,Real_Brent,Brent crude oil price,gpr_plus_poisson_event_residual_level_lp,World
1,-1.81257289454312,1.91711040143743,-4.96593889161387,1.34079310252762,1.40136730523797,1.87568964541761,-1.68386761106252,4.48660222153845,139,n_OilSpecificThreatShock_EventOnset,Real_Brent,Brent crude oil price,gpr_plus_poisson_event_residual_level_lp,World
2,-1.17767340083002,1.73870628239533,-4.03759073563129,1.68224393397124,1.13472316465421,2.57760761817901,-3.10506407496528,5.3745104042737,138,n_OilSpecificThreatShock_EventOnset,Real_Brent,Brent crude oil price,gpr_plus_poisson_event_residual_level_lp,World
3,1.91524810627446,2.11670031900507,-1.56641409061038,5.39691030315929,1.74162008723209,3.76753718048179,-4.45542710875791,7.9386672832221,137,n_OilSpecificThreatShock_EventOnset,Real_Brent,Brent crude oil price,gpr_plus_poisson_event_residual_level_lp,World
4,3.12087396442004,3.02101629323197,-1.84825564258205,8.09000357142213,2.48629534957681,3.39387366448484,-3.09613005686615,8.06872075601978,136,n_OilSpecificThreatShock_EventOnset,Real_Brent,Brent crude oil price,gpr_plus_poisson_event_residual_level_lp,World
5,5.93457264110605,3.44982246758507,0.260119642960073,11.609025639252,4.20982383176085,4.48667072926179,-3.17009279020242,11.5897404537241,135,n_OilSpecificThreatShock_EventOnset,Real_Brent,Brent crude oil price,gpr_plus_poisson_event_residual_level_lp,World
6,4.81742759987434,3.38219369055479,-0.745785959087091,10.3806411588358,1.52047243999191,4.20148797217978,-5.39036028964099,8.43130516962481,134,n_OilSpecificThreatShock_EventOnset,Real_Brent,Brent crude oil price,gpr_plus_poisson_event_residual_level_lp,World
7,5.95136200050758,4.07835798401998,-0.756939921514172,12.6596639225293,7.56080005400625,4.4581424137343,0.227808335309197,14.8937917727033,133,n_OilSpecificThreatShock_EventOnset,Real_Brent,Brent crude oil price,gpr_plus_poisson_event_residual_level_lp,World
8,5.93519662920641,3.75777917668396,-0.24580007884493,12.1161933372577,7.95729769916521,4.67166936234057,0.273085404601246,15.6415099937292,132,n_OilSpecificThreatShock_EventOnset,Real_Brent,Brent crude oil price,gpr_plus_poisson_event_residual_level_lp,World
9,6.6483594238929,3.27635617565855,1.25923308517607,12.0374857626097,9.01349205509841,5.02279122212657,0.751735695963497,17.2752484142333,131,n_OilSpecificThreatShock_EventOnset,Real_Brent,Brent crude oil price,gpr_plus_poisson_event_residual_level_lp,World
10,5.09039935103586,2.54038057307389,0.911845151578209,9.26895355049351,6.9949334154728,4.44932016332911,-0.323546992647399,14.313413823593,130,n_OilSpecificThreatShock_EventOnset,Real_Brent,Brent crude oil price,gpr_plus_poisson_event_residual_level_lp,World
11,3.9373733595888,1.58564217793757,1.32922407216096,6.54552264701665,4.74103664578999,3.17094537759633,-0.474704359414345,9.95677765099432,129,n_OilSpecificThreatShock_EventOnset,Real_Brent,Brent crude oil price,gpr_plus_poisson_event_residual_level_lp,World
12,3.71053195461843,2.00742917920564,0.408604788353818,7.01245912088304,1.20908817532373,2.61033890371453,-3.08453723802365,5.50271358867111,128,n_OilSpecificThreatShock_EventOnset,Real_Brent,Brent crude oil price,gpr_plus_poisson_event_residual_level_lp,World
0,0.178771961547785,1.35266059082909,-2.04615671731177,2.40370064040734,2.24932693367132,2.3879291353331,-1.67846696548442,6.17712083282706,140,n_OilSpecificThreatShock_EventOnset,Real_WTI,WTI crude oil price,gpr_plus_poisson_event_residual_level_lp,World
1,-0.973596652801806,2.04603159206661,-4.33901913786986,2.39182583226625,1.84621122443513,1.95689940124083,-1.37260185327502,5.06502430214528,139,n_OilSpecificThreatShock_EventOnset,Real_WTI,WTI crude oil price,gpr_plus_poisson_event_residual_level_lp,World
2,-0.90033338795311,1.72866625951373,-3.7437363547029,1.94306957879668,1.83621209140734,2.61583193801365,-2.46644855932991,6.1388727421446,138,n_OilSpecificThreatShock_EventOnset,Real_WTI,WTI crude oil price,gpr_plus_poisson_event_residual_level_lp,World
3,2.19668731629858,2.06063323947954,-1.1927527414761,5.58612737407327,1.85057856210399,3.75347160592275,-4.32333282255741,8.02448994676539,137,n_OilSpecificThreatShock_EventOnset,Real_WTI,WTI crude oil price,gpr_plus_poisson_event_residual_level_lp,World
4,3.28895735770604,2.94477976013175,-1.55477431131995,8.13268902673203,1.33265231366377,3.31220577474114,-4.11544136812881,6.78074599545634,136,n_OilSpecificThreatShock_EventOnset,Real_WTI,WTI crude oil price,gpr_plus_poisson_event_residual_level_lp,World
5,5.89838054391757,3.26953506116679,0.520473940112375,11.2762871477228,3.49706732160846,4.25938684093957,-3.50900057230036,10.5031352155173,135,n_OilSpecificThreatShock_EventOnset,Real_WTI,WTI crude oil price,gpr_plus_poisson_event_residual_level_lp,World
6,5.40548227371715,3.03940013373781,0.406113939981719,10.4048506074526,1.1661134299012,3.96425448361979,-5.35450493563945,7.68673179544185,134,n_OilSpecificThreatShock_EventOnset,Real_WTI,WTI crude oil price,gpr_plus_poisson_event_residual_level_lp,World
7,6.0294735351059,3.5029120152239,0.267696001972967,11.7912510682388,7.32492606644761,4.18739354046917,0.437276613933729,14.2125755189615,133,n_OilSpecificThreatShock_EventOnset,Real_WTI,WTI crude oil price,gpr_plus_poisson_event_residual_level_lp,World
8,5.75935235310136,3.45567559450603,0.0752718179104264,11.4434328882923,7.32427978856541,4.64742661763563,-0.320056739443364,14.9686163165742,132,n_OilSpecificThreatShock_EventOnset,Real_WTI,WTI crude oil price,gpr_plus_poisson_event_residual_level_lp,World
9,6.79094891927735,2.98870437758422,1.8749676839222,11.7069301546325,8.53839173012224,4.67602001638351,0.847023246476143,16.2297602137683,131,n_OilSpecificThreatShock_EventOnset,Real_WTI,WTI crude oil price,gpr_plus_poisson_event_residual_level_lp,World
10,5.39754462474991,2.35330831780677,1.52669690287039,9.26839234662944,6.65011465022226,3.99088067667252,0.0857000944669224,13.2145292059776,130,n_OilSpecificThreatShock_EventOnset,Real_WTI,WTI crude oil price,gpr_plus_poisson_event_residual_level_lp,World
11,4.55027031636609,1.64745599715257,1.84044634420672,7.26009428852546,4.83210483535616,2.77979394118617,0.259750689018358,9.40445898169396,129,n_OilSpecificThreatShock_EventOnset,Real_WTI,WTI crude oil price,gpr_plus_poisson_event_residual_level_lp,World
12,3.93314234121487,2.11795544759053,0.449415641523969,7.41686904090578,1.45363872791704,2.47058330680162,-2.61010918496138,5.51738664079545,128,n_OilSpecificThreatShock_EventOnset,Real_WTI,WTI crude oil price,gpr_plus_poisson_event_residual_level_lp,World
0,-0.137974286569511,1.05510051993856,-1.87346020358884,1.59751163044981,0.250919095272054,1.71162763433138,-2.56445782704829,3.0662960175924,140,n_OilSpecificThreatShock_EventOnset,Real_Gasoline,Gasoline price,gpr_plus_poisson_event_residual_level_lp,World
1,-0.725355856548658,1.71336279845108,-3.54358686986465,2.09287515676733,-0.32044125363943,1.61943409822373,-2.98417330371163,2.34329079643276,139,n_OilSpecificThreatShock_EventOnset,Real_Gasoline,Gasoline price,gpr_plus_poisson_event_residual_level_lp,World
2,-1.43260191001936,1.26338590086959,-3.51068679130405,0.645482971265338,0.197316428644432,1.45084123378443,-2.18910503687663,2.5837378941655,138,n_OilSpecificThreatShock_EventOnset,Real_Gasoline,Gasoline price,gpr_plus_poisson_event_residual_level_lp,World
3,0.195699385045877,1.14317857480926,-1.68466203998234,2.0760608100741,1.49245652989344,1.95071460408296,-1.71618346177962,4.7010965215665,137,n_OilSpecificThreatShock_EventOnset,Real_Gasoline,Gasoline price,gpr_plus_poisson_event_residual_level_lp,World
4,1.34355563124125,1.83501741491044,-1.6747794191933,4.36189068167581,0.431980444966652,1.91460824040942,-2.71726986346196,3.58123075339526,136,n_OilSpecificThreatShock_EventOnset,Real_Gasoline,Gasoline price,gpr_plus_poisson_event_residual_level_lp,World
5,2.83341744804687,1.93876806228577,-0.355572231021553,6.0224071271153,0.697842148954514,2.21322232417113,-2.94258461820834,4.33826891611737,135,n_OilSpecificThreatShock_EventOnset,Real_Gasoline,Gasoline price,gpr_plus_poisson_event_residual_level_lp,World
6,2.57406557651029,1.62564346195117,-0.0998799680100406,5.24801112103062,1.05977167446756,2.16400589714835,-2.49970127420127,4.6192446231364,134,n_OilSpecificThreatShock_EventOnset,Real_Gasoline,Gasoline price,gpr_plus_poisson_event_residual_level_lp,World
7,2.91744905174862,1.62419486475546,0.245886237579645,5.58901186591759,3.90369850547616,2.18590289974919,0.308208192659972,7.49918881829236,133,n_OilSpecificThreatShock_EventOnset,Real_Gasoline,Gasoline price,gpr_plus_poisson_event_residual_level_lp,World
8,3.07011409497612,1.76346775798996,0.169467757234346,5.97076043271789,4.65149478375447,2.32511649351105,0.827018486318136,8.4759710811908,132,n_OilSpecificThreatShock_EventOnset,Real_Gasoline,Gasoline price,gpr_plus_poisson_event_residual_level_lp,World
9,3.30962022825258,1.95858548077345,0.0880337965078741,6.53120665999729,4.1816279364415,2.74647880076672,-0.335927680344964,8.69918355322797,131,n_OilSpecificThreatShock_EventOnset,Real_Gasoline,Gasoline price,gpr_plus_poisson_event_residual_level_lp,World
10,2.5416398512888,1.23824595597782,0.504906499540693,4.57837320303692,3.24999468139247,2.31170078475429,-0.552414738837189,7.05240410162213,130,n_OilSpecificThreatShock_EventOnset,Real_Gasoline,Gasoline price,gpr_plus_poisson_event_residual_level_lp,World
11,1.46160164157486,1.05553884795763,-0.274605260876424,3.19780854402615,1.91328526455568,1.70571815470908,-0.892371428774525,4.71894195788589,129,n_OilSpecificThreatShock_EventOnset,Real_Gasoline,Gasoline price,gpr_plus_poisson_event_residual_level_lp,World
12,1.69025078471573,1.04062835402518,-0.021430537711123,3.40193210714259,0.7614322689852,2.35469698345369,-3.1116996046203,4.6345641425907,128,n_OilSpecificThreatShock_EventOnset,Real_Gasoline,Gasoline price,gpr_plus_poisson_event_residual_level_lp,World
0,0.0938224714922419,0.123295366315932,-0.108980358978829,0.296625301963313,-0.0654902311012415,0.183858239941701,-0.367910123914262,0.236929661711779,140,n_OilSpecificThreatShock_EventOnset,inv_OECD,OECD inventory,gpr_plus_poisson_event_residual_level_lp,World
1,-0.0328322750869905,0.211005810671942,-0.37990594807857,0.314241397904589,-0.119389079591559,0.324447964839951,-0.653058491315576,0.414280332132458,139,n_OilSpecificThreatShock_EventOnset,inv_OECD,OECD inventory,gpr_plus_poisson_event_residual_level_lp,World
2,-0.0966692464515862,0.179388801202892,-0.39173756674464,0.198399073841468,0.00391403153198578,0.260554502829301,-0.424659987465327,0.432488050529299,138,n_OilSpecificThreatShock_EventOnset,inv_OECD,OECD inventory,gpr_plus_poisson_event_residual_level_lp,World
3,-0.280610110195445,0.193193237476348,-0.598384707560914,0.0371644871700242,0.37011288897273,0.318862005625256,-0.154368437476994,0.894594215422453,137,n_OilSpecificThreatShock_EventOnset,inv_OECD,OECD inventory,gpr_plus_poisson_event_residual_level_lp,World
4,-0.543906272347472,0.221531237301911,-0.908292731506568,-0.179519813188376,0.0642389380607168,0.340609867752676,-0.496014438287733,0.624492314409167,136,n_OilSpecificThreatShock_EventOnset,inv_OECD,OECD inventory,gpr_plus_poisson_event_residual_level_lp,World
5,-0.767181720901146,0.289355357479525,-1.24312893012918,-0.291234511673109,-0.444522476514056,0.419230916484555,-1.13409597002387,0.245051016995755,135,n_OilSpecificThreatShock_EventOnset,inv_OECD,OECD inventory,gpr_plus_poisson_event_residual_level_lp,World
6,-0.711157065552343,0.289621988811964,-1.1875428442946,-0.234771286810085,-0.411923662815179,0.476228256991118,-1.1952494385838,0.37140211295344,134,n_OilSpecificThreatShock_EventOnset,inv_OECD,OECD inventory,gpr_plus_poisson_event_residual_level_lp,World
7,-0.614077390088915,0.2514011954891,-1.0275955583091,-0.200559221868732,-0.61258340104854,0.43133889259403,-1.32207274297706,0.0969059408799818,133,n_OilSpecificThreatShock_EventOnset,inv_OECD,OECD inventory,gpr_plus_poisson_event_residual_level_lp,World
8,-0.536368272376771,0.233119545224235,-0.919815801852131,-0.152920742901411,-1.09569349854002,0.489029720237543,-1.9000758075598,-0.291311189520231,132,n_OilSpecificThreatShock_EventOnset,inv_OECD,OECD inventory,gpr_plus_poisson_event_residual_level_lp,World
9,-0.398441226878698,0.19530186014036,-0.719684199880939,-0.0771982538764578,-1.15722026921128,0.336007678461821,-1.70990371781275,-0.604536820609808,131,n_OilSpecificThreatShock_EventOnset,inv_OECD,OECD inventory,gpr_plus_poisson_event_residual_level_lp,World
10,-0.258448752608588,0.218066943400659,-0.617136955379384,0.100239450162208,-0.71469329711223,0.362446446020278,-1.31086464842435,-0.118521945800104,130,n_OilSpecificThreatShock_EventOnset,inv_OECD,OECD inventory,gpr_plus_poisson_event_residual_level_lp,World
11,0.065354266854661,0.226546252945088,-0.307281158974333,0.437989692683655,-0.21505618894434,0.439460351610884,-0.937904142192871,0.507791764304191,129,n_OilSpecificThreatShock_EventOnset,inv_OECD,OECD inventory,gpr_plus_poisson_event_residual_level_lp,World
12,0.321395907034602,0.307599726738548,-0.184560619140581,0.827352433209785,0.133368205503955,0.458139777717116,-0.620204669524785,0.886941080532694,128,n_OilSpecificThreatShock_EventOnset,inv_OECD,OECD inventory,gpr_plus_poisson_event_residual_level_lp,World
0,-0.251045096935001,0.201457882207508,-0.582413825161984,0.0803236312919817,-0.113103818655838,0.428056690439695,-0.817194418466415,0.590986781154739,140,n_OilSpecificThreatShock_EventOnset,inv_USA,U.S. inventory,gpr_plus_poisson_event_residual_level_lp,World
1,-0.130359803890475,0.291059270263967,-0.60910970024201,0.34839009246106,-0.418970166852817,0.495255999605297,-1.23359379407307,0.395653460367434,139,n_OilSpecificThreatShock_EventOnset,inv_USA,U.S. inventory,gpr_plus_poisson_event_residual_level_lp,World
2,-0.361232270326139,0.310073751643773,-0.871258205339849,0.148793664687571,-0.153461057272413,0.43985776233184,-0.876962692986698,0.570040578441872,138,n_OilSpecificThreatShock_EventOnset,inv_USA,U.S. inventory,gpr_plus_poisson_event_residual_level_lp,World
3,-0.722475581112548,0.32433258592252,-1.25595521140576,-0.188995950819341,0.389919022450356,0.504777885132999,-0.440366712715552,1.22020475761626,137,n_OilSpecificThreatShock_EventOnset,inv_USA,U.S. inventory,gpr_plus_poisson_event_residual_level_lp,World
4,-0.848143474060394,0.344605232264702,-1.41496864021744,-0.281318307903344,-0.133106161310357,0.548914845484225,-1.03599073579259,0.769778413171877,136,n_OilSpecificThreatShock_EventOnset,inv_USA,U.S. inventory,gpr_plus_poisson_event_residual_level_lp,World
5,-1.23479431520001,0.427753465427884,-1.93838615425013,-0.531202476149894,-0.829091952281476,0.645955485331366,-1.89159417517797,0.233410270615021,135,n_OilSpecificThreatShock_EventOnset,inv_USA,U.S. inventory,gpr_plus_poisson_event_residual_level_lp,World
6,-1.2905422830942,0.421680365384888,-1.98414476151175,-0.596939804676644,-0.515443886176393,0.719232029455814,-1.69847529844646,0.667587526093671,134,n_OilSpecificThreatShock_EventOnset,inv_USA,U.S. inventory,gpr_plus_poisson_event_residual_level_lp,World
7,-1.23541316890339,0.379756157383598,-1.86005646173295,-0.610769876073821,-0.923749908987269,0.74812222386695,-2.15430146231782,0.306801644343285,133,n_OilSpecificThreatShock_EventOnset,inv_USA,U.S. inventory,gpr_plus_poisson_event_residual_level_lp,World
8,-0.984386063388104,0.370088296517702,-1.59312714020754,-0.375644986568669,-1.46760565596609,0.811750334917734,-2.8028161385346,-0.132395173397587,132,n_OilSpecificThreatShock_EventOnset,inv_USA,U.S. inventory,gpr_plus_poisson_event_residual_level_lp,World
9,-0.685749798457727,0.270560785903491,-1.13078268846193,-0.24071690845353,-1.67201547642329,0.450918875540494,-2.41371102431695,-0.930319928529631,131,n_OilSpecificThreatShock_EventOnset,inv_USA,U.S. inventory,gpr_plus_poisson_event_residual_level_lp,World
10,-0.424790498628656,0.393525284643238,-1.0720819903712,0.222500993113885,-1.08924928614773,0.628251636274433,-2.12263126871193,-0.0558673035835306,130,n_OilSpecificThreatShock_EventOnset,inv_USA,U.S. inventory,gpr_plus_poisson_event_residual_level_lp,World
11,0.0679657977371891,0.295732179987994,-0.418470351122328,0.554401946596706,-0.766548256817444,0.642875728945926,-1.82398473125322,0.290888217618334,129,n_OilSpecificThreatShock_EventOnset,inv_USA,U.S. inventory,gpr_plus_poisson_event_residual_level_lp,World
12,0.546878309178984,0.382711213534547,-0.082625618478315,1.17638223683628,0.154136463140289,0.6700718153664,-0.948033592683091,1.25630651896367,128,n_OilSpecificThreatShock_EventOnset,inv_USA,U.S. inventory,gpr_plus_poisson_event_residual_level_lp,World
0,-0.00555538902270684,0.0866630024217402,-0.148103342878611,0.136992564833197,-0.0198493726117715,0.243480070863949,-0.42033845026274,0.380639705039197,140,n_OilSpecificThreatShock_EventOnset,WorldCP,World crude-oil production,gpr_plus_poisson_event_residual_level_lp,World
1,-0.274757583692829,0.125997077170015,-0.482004333061212,-0.0675108343244453,-0.0773219028797295,0.207423332803768,-0.41850292415637,0.263859118396911,139,n_OilSpecificThreatShock_EventOnset,WorldCP,World crude-oil production,gpr_plus_poisson_event_residual_level_lp,World
2,-0.339392392737013,0.170779551657016,-0.620299757689201,-0.0584850277848245,-0.406953490720175,0.284797420748785,-0.875403561185238,0.0614965797448893,138,n_OilSpecificThreatShock_EventOnset,WorldCP,World crude-oil production,gpr_plus_poisson_event_residual_level_lp,World
3,-0.204921041108444,0.212036998376867,-0.553690866936538,0.143848784719649,-0.720114855122288,0.421848051074406,-1.41399315195444,-0.0262365582901416,137,n_OilSpecificThreatShock_EventOnset,WorldCP,World crude-oil production,gpr_plus_poisson_event_residual_level_lp,World
4,-0.0670053887958503,0.233002999166318,-0.45026121706514,0.316250439473439,-0.464191056643588,0.428105530012163,-1.16836199040208,0.2399798771149,136,n_OilSpecificThreatShock_EventOnset,WorldCP,World crude-oil production,gpr_plus_poisson_event_residual_level_lp,World
5,0.172490305805633,0.221133477239258,-0.191241896271751,0.536222507883016,-0.00635226815678945,0.326960605803156,-0.544154606482362,0.531450070168783,135,n_OilSpecificThreatShock_EventOnset,WorldCP,World crude-oil production,gpr_plus_poisson_event_residual_level_lp,World
6,0.376850767733473,0.209210244986632,0.0327305374718043,0.720970997995141,0.109756911980604,0.34640994379271,-0.46003674047889,0.679550564440099,134,n_OilSpecificThreatShock_EventOnset,WorldCP,World crude-oil production,gpr_plus_poisson_event_residual_level_lp,World
7,0.378756648600582,0.20680555565462,0.0385917803083649,0.718921516892799,0.12601185256215,0.349922251928821,-0.449559032673998,0.701582737798298,133,n_OilSpecificThreatShock_EventOnset,WorldCP,World crude-oil production,gpr_plus_poisson_event_residual_level_lp,World
8,0.457871324250553,0.203204106133525,0.123630313265392,0.792112335235714,0.71002624081537,0.436156236804335,-0.00738692720974454,1.42743940884049,132,n_OilSpecificThreatShock_EventOnset,WorldCP,World crude-oil production,gpr_plus_poisson_event_residual_level_lp,World
9,0.528869942516893,0.219827347225225,0.167286133130361,0.890453751903426,0.636851630268442,0.479874915601968,-0.152472365142486,1.42617562567937,131,n_OilSpecificThreatShock_EventOnset,WorldCP,World crude-oil production,gpr_plus_poisson_event_residual_level_lp,World
10,0.471144861385688,0.247997160699311,0.0632258321357589,0.879063890635616,0.619800943578878,0.48547010299828,-0.178726316114348,1.4183282032721,130,n_OilSpecificThreatShock_EventOnset,WorldCP,World crude-oil production,gpr_plus_poisson_event_residual_level_lp,World
11,0.490403500182279,0.284158133282199,0.0230049640252949,0.957802036339263,0.72580665293792,0.4531051888821,-0.0194850603853338,1.47109836626117,129,n_OilSpecificThreatShock_EventOnset,WorldCP,World crude-oil production,gpr_plus_poisson_event_residual_level_lp,World
12,0.311716820281304,0.309424848930923,-0.197241764751637,0.820675405314245,0.645165982704452,0.31953634916712,0.119575459834083,1.17075650557482,128,n_OilSpecificThreatShock_EventOnset,WorldCP,World crude-oil production,gpr_plus_poisson_event_residual_level_lp,World
0,-0.491814367461355,1.34493587563274,-2.70403702051303,1.72040828559032,1.79518767451681,2.07560359877741,-1.61887643304575,5.20925178207936,140,n_OilSpecificRealizedShock_EventOnset,Real_Brent,Brent crude oil price,gpr_plus_poisson_event_residual_level_lp,World
1,-1.66618167363911,1.95499416463803,-4.88186091601293,1.54949756873471,1.60352454598643,2.26641067023423,-2.12438926510986,5.33143835708271,139,n_OilSpecificRealizedShock_EventOnset,Real_Brent,Brent crude oil price,gpr_plus_poisson_event_residual_level_lp,World
2,-0.953167746999177,1.83396944822091,-3.96977904562353,2.06344355162518,2.36881530999687,2.62644109607795,-1.95129585286135,6.6889264728551,138,n_OilSpecificRealizedShock_EventOnset,Real_Brent,Brent crude oil price,gpr_plus_poisson_event_residual_level_lp,World
3,2.61644235573962,2.28346855284787,-1.13952917544183,6.37241388692106,3.6564931480218,3.37366573577513,-1.89269317358983,9.20567946963342,137,n_OilSpecificRealizedShock_EventOnset,Real_Brent,Brent crude oil price,gpr_plus_poisson_event_residual_level_lp,World
4,3.54730386276573,3.23511960743619,-1.77399435714751,8.86860208267897,4.06624316866054,3.49262239015438,-1.67860943735681,9.8110957746779,136,n_OilSpecificRealizedShock_EventOnset,Real_Brent,Brent crude oil price,gpr_plus_poisson_event_residual_level_lp,World
5,6.10789580750977,3.57852552353215,0.2217451209895,11.99404649403,4.58813259858324,3.61582598005003,-1.35937187912741,10.5356370762939,135,n_OilSpecificRealizedShock_EventOnset,Real_Brent,Brent crude oil price,gpr_plus_poisson_event_residual_level_lp,World
6,4.87275893185851,3.43322412949022,-0.774392229670801,10.5199100933878,0.636197012190165,3.53203944698634,-5.17349088272099,6.44588490710132,134,n_OilSpecificRealizedShock_EventOnset,Real_Brent,Brent crude oil price,gpr_plus_poisson_event_residual_level_lp,World
7,4.45427366155205,3.95704756073879,-2.05449037074862,10.9630376938527,0.838384537206368,4.0399251419701,-5.80670098517559,7.48347005958833,133,n_OilSpecificRealizedShock_EventOnset,Real_Brent,Brent crude oil price,gpr_plus_poisson_event_residual_level_lp,World
8,3.66985047874288,3.72421980532361,-2.45594597560817,9.79564693309393,-1.99159360214534,5.14542265796501,-10.4550607232974,6.47187351900668,132,n_OilSpecificRealizedShock_EventOnset,Real_Brent,Brent crude oil price,gpr_plus_poisson_event_residual_level_lp,World
9,4.39787554845091,3.18138531974601,-0.835037633463477,9.6307887303653,0.35542802771512,5.1880668483648,-8.17818254468441,8.88903860011465,131,n_OilSpecificRealizedShock_EventOnset,Real_Brent,Brent crude oil price,gpr_plus_poisson_event_residual_level_lp,World
10,2.40102773423466,2.39987131729507,-1.54640930623494,6.34846477470426,-3.65494824361088,4.64645658302474,-11.2976892066717,3.9877927194499,130,n_OilSpecificRealizedShock_EventOnset,Real_Brent,Brent crude oil price,gpr_plus_poisson_event_residual_level_lp,World
11,2.56811613786609,1.90087910098507,-0.55855174578545,5.69478402151763,-1.00167522885548,3.20253108756961,-6.26937010366919,4.26601964595823,129,n_OilSpecificRealizedShock_EventOnset,Real_Brent,Brent crude oil price,gpr_plus_poisson_event_residual_level_lp,World
12,3.23994673709827,2.17328320750556,-0.334786029159974,6.81467950335652,-1.86489695725109,3.28777762695329,-7.27280991155511,3.54301599705294,128,n_OilSpecificRealizedShock_EventOnset,Real_Brent,Brent crude oil price,gpr_plus_poisson_event_residual_level_lp,World
0,-0.158980877362413,1.36947860242752,-2.41157272359776,2.09361096887293,1.30051158786772,2.07235189630325,-2.10820394508644,4.70922712082188,140,n_OilSpecificRealizedShock_EventOnset,Real_WTI,WTI crude oil price,gpr_plus_poisson_event_residual_level_lp,World
1,-1.2951441836938,2.0502815395508,-4.66755721029559,2.07726884290799,0.398896669196019,2.35090859176963,-3.46800385460763,4.26579719299967,139,n_OilSpecificRealizedShock_EventOnset,Real_WTI,WTI crude oil price,gpr_plus_poisson_event_residual_level_lp,World
2,-0.867046800660684,1.79288416648791,-3.81607882461219,2.08198522329083,2.1690161275162,2.54944206016261,-2.0244428918449,6.3624751468773,138,n_OilSpecificRealizedShock_EventOnset,Real_WTI,WTI crude oil price,gpr_plus_poisson_event_residual_level_lp,World
3,3.07958572403163,2.20770551481188,-0.551766699247466,6.71093814731072,4.25233168827795,3.39049572559421,-1.32453750312915,9.82920087968506,137,n_OilSpecificRealizedShock_EventOnset,Real_WTI,WTI crude oil price,gpr_plus_poisson_event_residual_level_lp,World
4,4.15465370153462,3.16041699397067,-1.0437696536771,9.35307705674635,4.41875457305538,3.47451838859871,-1.29631960034078,10.1338287464516,136,n_OilSpecificRealizedShock_EventOnset,Real_WTI,WTI crude oil price,gpr_plus_poisson_event_residual_level_lp,World
5,6.18639169273476,3.40530162281836,0.585168967578251,11.7876144178913,4.38888795704552,3.3149192129461,-1.06366893342001,9.84144484751104,135,n_OilSpecificRealizedShock_EventOnset,Real_WTI,WTI crude oil price,gpr_plus_poisson_event_residual_level_lp,World
6,5.4022886364485,3.08884111475741,0.321597125762946,10.4829801471341,0.0421808881994359,3.1474110519405,-5.13484959609205,5.21921137249092,134,n_OilSpecificRealizedShock_EventOnset,Real_WTI,WTI crude oil price,gpr_plus_poisson_event_residual_level_lp,World
7,4.50514893755905,3.41099608327912,-1.10544034153987,10.115738216658,0.469588292027913,3.724128266259,-5.65605759396071,6.59523417801653,133,n_OilSpecificRealizedShock_EventOnset,Real_WTI,WTI crude oil price,gpr_plus_poisson_event_residual_level_lp,World
8,3.86688016814802,3.47149590131325,-1.84322245607425,9.57698279237029,-1.38381764484848,4.69666568463087,-9.10914523079208,6.34150994109512,132,n_OilSpecificRealizedShock_EventOnset,Real_WTI,WTI crude oil price,gpr_plus_poisson_event_residual_level_lp,World
9,4.63030281554729,2.94722594758911,-0.217452473790144,9.47805810488473,0.265855973778055,4.74409702493123,-7.53748922428977,8.06920117184588,131,n_OilSpecificRealizedShock_EventOnset,Real_WTI,WTI crude oil price,gpr_plus_poisson_event_residual_level_lp,World
10,2.59879074433157,2.20734816281541,-1.03197388722002,6.22955537588316,-4.45301931087087,4.2155600789749,-11.3869985964046,2.48095997466284,130,n_OilSpecificRealizedShock_EventOnset,Real_WTI,WTI crude oil price,gpr_plus_poisson_event_residual_level_lp,World
11,3.16705136158535,1.96839819611744,-0.0706755505831667,6.40477827375386,-1.17390678294518,3.02588375262324,-6.15104264818104,3.80322908229069,129,n_OilSpecificRealizedShock_EventOnset,Real_WTI,WTI crude oil price,gpr_plus_poisson_event_residual_level_lp,World
12,3.57123759768322,2.2685223951295,-0.16014969176618,7.30262488713262,-1.32246348684563,3.21930793336588,-6.61775381731614,3.97282684362489,128,n_OilSpecificRealizedShock_EventOnset,Real_WTI,WTI crude oil price,gpr_plus_poisson_event_residual_level_lp,World
0,0.173009535879041,1.13740079925551,-1.69784829407388,2.04386736583196,1.35115358738103,1.34062984673883,-0.853986278426736,3.55629345318879,140,n_OilSpecificRealizedShock_EventOnset,Real_Gasoline,Gasoline price,gpr_plus_poisson_event_residual_level_lp,World
1,-0.367184738151778,1.80950155717568,-3.34354993744654,2.60918046114298,0.639745818824525,1.88888928542,-2.46720057320834,3.74669221085739,139,n_OilSpecificRealizedShock_EventOnset,Real_Gasoline,Gasoline price,gpr_plus_poisson_event_residual_level_lp,World
2,-1.42380019932471,1.25908279936265,-3.49480710848857,0.647206709839154,0.439645895753882,1.66013828417951,-2.29103858221978,3.17033037372755,138,n_OilSpecificRealizedShock_EventOnset,Real_Gasoline,Gasoline price,gpr_plus_poisson_event_residual_level_lp,World
3,0.421277530715095,1.17390252272301,-1.50962029147333,2.35217535290352,1.96308411094848,1.77761158287614,-0.960826748456291,4.88699497035325,137,n_OilSpecificRealizedShock_EventOnset,Real_Gasoline,Gasoline price,gpr_plus_poisson_event_residual_level_lp,World
4,1.79148128227883,1.99955769300146,-1.49749844135334,5.080461005911,1.73700061078112,1.83277695807251,-1.27764921609753,4.75165043765976,136,n_OilSpecificRealizedShock_EventOnset,Real_Gasoline,Gasoline price,gpr_plus_poisson_event_residual_level_lp,World
5,3.05723288925975,2.07554768897395,-0.356739254859807,6.4712050333793,1.26251325621896,2.13827004939582,-2.25462798993146,4.77965450236937,135,n_OilSpecificRealizedShock_EventOnset,Real_Gasoline,Gasoline price,gpr_plus_poisson_event_residual_level_lp,World
6,2.68487144831054,1.62593375087334,0.0104484210037179,5.35929447561737,0.910150874348305,1.95939775154545,-2.31277162392179,4.1330733726184,134,n_OilSpecificRealizedShock_EventOnset,Real_Gasoline,Gasoline price,gpr_plus_poisson_event_residual_level_lp,World
7,2.35877103958707,1.59723602507585,-0.268448429356493,4.98599050853062,1.11605688226864,1.85134203278557,-1.92912977508641,4.16124353962369,133,n_OilSpecificRealizedShock_EventOnset,Real_Gasoline,Gasoline price,gpr_plus_poisson_event_residual_level_lp,World
8,2.40700271883731,1.84857344426168,-0.633630015642682,5.44763545331731,0.985277696561831,2.54529626954612,-3.20136210406716,5.17191749719083,132,n_OilSpecificRealizedShock_EventOnset,Real_Gasoline,Gasoline price,gpr_plus_poisson_event_residual_level_lp,World
9,2.1277449660729,2.00920116113102,-1.17709685108857,5.43258678323436,-0.505696486682534,2.88128905508931,-5.24499523924177,4.2336022658767,131,n_OilSpecificRealizedShock_EventOnset,Real_Gasoline,Gasoline price,gpr_plus_poisson_event_residual_level_lp,World
10,0.791285603231194,1.17086347762204,-1.13461343460043,2.71718464106282,-3.69627641672929,2.54852601048163,-7.88822866845016,0.495675834991586,130,n_OilSpecificRealizedShock_EventOnset,Real_Gasoline,Gasoline price,gpr_plus_poisson_event_residual_level_lp,World
11,0.680400389020139,1.36364028990245,-1.56258828768306,2.92338906572334,-1.79980188795487,2.09165060468431,-5.24026097138509,1.64065719547536,129,n_OilSpecificRealizedShock_EventOnset,Real_Gasoline,Gasoline price,gpr_plus_poisson_event_residual_level_lp,World
12,1.88726240989494,1.16769470036187,-0.0334244531672883,3.80794927295717,0.209223302414662,2.15842407208768,-3.34106836105812,3.75951496588744,128,n_OilSpecificRealizedShock_EventOnset,Real_Gasoline,Gasoline price,gpr_plus_poisson_event_residual_level_lp,World
0,0.205109063535972,0.137283739506392,-0.0207025933125791,0.430920720384522,0.303005489777187,0.187310479931819,-0.00509283250468673,0.611103812059061,140,n_OilSpecificRealizedShock_EventOnset,inv_OECD,OECD inventory,gpr_plus_poisson_event_residual_level_lp,World
1,0.05169214205304,0.226732921865845,-0.3212503268273,0.42463461093338,0.0987568291033899,0.365426003466332,-0.502315458080587,0.699829116287367,139,n_OilSpecificRealizedShock_EventOnset,inv_OECD,OECD inventory,gpr_plus_poisson_event_residual_level_lp,World
2,-0.0650971529491795,0.195758001212641,-0.387090411248563,0.256896105350204,0.102091770610019,0.281959539145836,-0.361690400007575,0.565873941227614,138,n_OilSpecificRealizedShock_EventOnset,inv_OECD,OECD inventory,gpr_plus_poisson_event_residual_level_lp,World
3,-0.399528240558167,0.209021006129087,-0.743337200598641,-0.0557192805176925,-0.10955106565563,0.293954621581691,-0.593063391123423,0.373961259812162,137,n_OilSpecificRealizedShock_EventOnset,inv_OECD,OECD inventory,gpr_plus_poisson_event_residual_level_lp,World
4,-0.575256594684947,0.246990547099151,-0.981519891903714,-0.168993297466181,-0.125552910572837,0.372507511633271,-0.738273242149491,0.487167421003817,136,n_OilSpecificRealizedShock_EventOnset,inv_OECD,OECD inventory,gpr_plus_poisson_event_residual_level_lp,World
5,-0.792756227464722,0.292851509768928,-1.27445409546636,-0.311058359463085,-0.643104821620643,0.475171149298338,-1.42469180996671,0.138482166725428,135,n_OilSpecificRealizedShock_EventOnset,inv_OECD,OECD inventory,gpr_plus_poisson_event_residual_level_lp,World
6,-0.776151464396199,0.28033011336037,-1.23725346810072,-0.315049460691677,-0.591041278574298,0.419036623581055,-1.2802951886971,0.0982126315484999,134,n_OilSpecificRealizedShock_EventOnset,inv_OECD,OECD inventory,gpr_plus_poisson_event_residual_level_lp,World
7,-0.460115900407984,0.249322655803921,-0.870215175088237,-0.0500166257277311,-0.0513217851384255,0.385736099268428,-0.685801207066212,0.583157636789361,133,n_OilSpecificRealizedShock_EventOnset,inv_OECD,OECD inventory,gpr_plus_poisson_event_residual_level_lp,World
8,-0.0851756869248372,0.254681092358994,-0.504088805407491,0.333737431557817,0.511644020390349,0.451510100009451,-0.231024005215419,1.25431204599612,132,n_OilSpecificRealizedShock_EventOnset,inv_OECD,OECD inventory,gpr_plus_poisson_event_residual_level_lp,World
9,-0.0389775827525952,0.282119182895511,-0.503022343970863,0.425067178465672,0.0850630890640704,0.4605488495646,-0.67247235653059,0.842598534658731,131,n_OilSpecificRealizedShock_EventOnset,inv_OECD,OECD inventory,gpr_plus_poisson_event_residual_level_lp,World
10,0.0274871780808077,0.269400386770307,-0.415637025200462,0.470611381362077,0.382245576269725,0.485642131920557,-0.416564645820249,1.1810557983597,130,n_OilSpecificRealizedShock_EventOnset,inv_OECD,OECD inventory,gpr_plus_poisson_event_residual_level_lp,World
11,0.303432508769055,0.221524178584438,-0.0609423398330043,0.667807357371114,0.761871375992836,0.479088791671907,-0.0261595606204988,1.54990231260617,129,n_OilSpecificRealizedShock_EventOnset,inv_OECD,OECD inventory,gpr_plus_poisson_event_residual_level_lp,World
12,0.58990827687776,0.286448237436558,0.118742854596382,1.06107369915914,1.23669692674794,0.502418898062124,0.410291380021495,2.06310247347439,128,n_OilSpecificRealizedShock_EventOnset,inv_OECD,OECD inventory,gpr_plus_poisson_event_residual_level_lp,World
0,-0.0709679412255217,0.208966121329196,-0.414686623803832,0.272750741352788,0.413844650745651,0.345171452827159,-0.15391186535721,0.981601166848512,140,n_OilSpecificRealizedShock_EventOnset,inv_USA,U.S. inventory,gpr_plus_poisson_event_residual_level_lp,World
1,0.0542469380336184,0.324750720150691,-0.479920461861348,0.588414337928585,0.153457100237872,0.593361355263487,-0.822535477060116,1.12944967753586,139,n_OilSpecificRealizedShock_EventOnset,inv_USA,U.S. inventory,gpr_plus_poisson_event_residual_level_lp,World
2,-0.282346752063024,0.322571755506295,-0.812930074059658,0.248236569933609,0.0727345341235153,0.46390929070416,-0.690328345267707,0.835797413514737,138,n_OilSpecificRealizedShock_EventOnset,inv_USA,U.S. inventory,gpr_plus_poisson_event_residual_level_lp,World
3,-0.814943307253481,0.342069642018944,-1.37759779859833,-0.25228881590863,-0.0390332398751374,0.476157864618497,-0.822243230494341,0.744176750744066,137,n_OilSpecificRealizedShock_EventOnset,inv_USA,U.S. inventory,gpr_plus_poisson_event_residual_level_lp,World
4,-0.857648759730193,0.363709555937482,-1.45589774197087,-0.259399777489516,-0.336039291970336,0.587749476989096,-1.30280115093468,0.630722566994009,136,n_OilSpecificRealizedShock_EventOnset,inv_USA,U.S. inventory,gpr_plus_poisson_event_residual_level_lp,World
5,-1.19320945694098,0.432151261756691,-1.90403502723313,-0.482383886648832,-0.841837787919944,0.669716693294865,-1.94342371991595,0.259748144076062,135,n_OilSpecificRealizedShock_EventOnset,inv_USA,U.S. inventory,gpr_plus_poisson_event_residual_level_lp,World
6,-1.3806596522804,0.41617819448411,-2.06521186493571,-0.696107439625099,-0.79446223354549,0.617600056609767,-1.8103239266655,0.22139945957452,134,n_OilSpecificRealizedShock_EventOnset,inv_USA,U.S. inventory,gpr_plus_poisson_event_residual_level_lp,World
7,-1.02171719133537,0.381916532286643,-1.64991398465978,-0.393520398010953,-0.120765490896395,0.651276340407841,-1.19201974156391,0.950488759771123,133,n_OilSpecificRealizedShock_EventOnset,inv_USA,U.S. inventory,gpr_plus_poisson_event_residual_level_lp,World
8,-0.343162419714657,0.411425136848217,-1.01989654827845,0.333571708849138,0.735683244836567,0.757017807768378,-0.509500241938102,1.98086673161124,132,n_OilSpecificRealizedShock_EventOnset,inv_USA,U.S. inventory,gpr_plus_poisson_event_residual_level_lp,World
9,-0.139878289251045,0.379740360909684,-0.7644955991932,0.484739020691109,0.178388300563424,0.702390779349392,-0.976941720386694,1.33371832151354,131,n_OilSpecificRealizedShock_EventOnset,inv_USA,U.S. inventory,gpr_plus_poisson_event_residual_level_lp,World
10,-0.0279181484203404,0.427816802087315,-0.73161416700444,0.67577787016376,0.414959909504192,0.674638577875323,-0.694721802195417,1.5246416212038,130,n_OilSpecificRealizedShock_EventOnset,inv_USA,U.S. inventory,gpr_plus_poisson_event_residual_level_lp,World
11,0.439860750750179,0.268702107327723,-0.00211488505733065,0.881836386557689,0.720047253448664,0.669027737529204,-0.380405447157384,1.82049995405471,129,n_OilSpecificRealizedShock_EventOnset,inv_USA,U.S. inventory,gpr_plus_poisson_event_residual_level_lp,World
12,0.8921720554871,0.352200529160221,0.312853737683682,1.47149037329052,1.59732663241328,0.631541293520988,0.558533645195661,2.6361196196309,128,n_OilSpecificRealizedShock_EventOnset,inv_USA,U.S. inventory,gpr_plus_poisson_event_residual_level_lp,World
0,-0.0866282692077691,0.0946606264265013,-0.242331143914898,0.0690746054993599,-0.223643221720153,0.208706005913807,-0.566934052514034,0.119647609073728,140,n_OilSpecificRealizedShock_EventOnset,WorldCP,World crude-oil production,gpr_plus_poisson_event_residual_level_lp,World
1,-0.339427372365255,0.121748714620201,-0.539686187184972,-0.139168557545538,-0.235341563192378,0.248666835403754,-0.644362109308787,0.173678982924031,139,n_OilSpecificRealizedShock_EventOnset,WorldCP,World crude-oil production,gpr_plus_poisson_event_residual_level_lp,World
2,-0.380056665018142,0.164210678327744,-0.650159194849693,-0.109954135186592,-0.480172602712579,0.261173785124081,-0.909765250438568,-0.0505799549865908,138,n_OilSpecificRealizedShock_EventOnset,WorldCP,World crude-oil production,gpr_plus_poisson_event_residual_level_lp,World
3,-0.0564185107702612,0.241967895545724,-0.454420281364461,0.341583259823938,-0.107141313137545,0.288011803078652,-0.580878572036299,0.366595945761209,137,n_OilSpecificRealizedShock_EventOnset,WorldCP,World crude-oil production,gpr_plus_poisson_event_residual_level_lp,World
4,0.0865625801361087,0.292796190630696,-0.395044295980366,0.568169456252584,0.210157405231669,0.312439476553571,-0.303759800980291,0.724074611443629,136,n_OilSpecificRealizedShock_EventOnset,WorldCP,World crude-oil production,gpr_plus_poisson_event_residual_level_lp,World
5,0.300825389304761,0.254414455410183,-0.117649150425563,0.719299929035085,0.653741712020606,0.464549571500667,-0.110374335561019,1.41785775960223,135,n_OilSpecificRealizedShock_EventOnset,WorldCP,World crude-oil production,gpr_plus_poisson_event_residual_level_lp,World
6,0.640310234672324,0.22467231490647,0.270757162622833,1.00986330672181,1.18325403999592,0.525288685538326,0.319231040391634,2.04727703960021,134,n_OilSpecificRealizedShock_EventOnset,WorldCP,World crude-oil production,gpr_plus_poisson_event_residual_level_lp,World
7,0.610045555481129,0.199733403165488,0.281513342861015,0.938577768101243,1.10620330788836,0.442998400971083,0.377535781317371,1.83487083445935,133,n_OilSpecificRealizedShock_EventOnset,WorldCP,World crude-oil production,gpr_plus_poisson_event_residual_level_lp,World
8,0.479525834053942,0.138589321727129,0.25156668555433,0.707484982553554,0.96692048134015,0.365009874712958,0.366532665045438,1.56730829763486,132,n_OilSpecificRealizedShock_EventOnset,WorldCP,World crude-oil production,gpr_plus_poisson_event_residual_level_lp,World
9,0.499897225053842,0.210146898284934,0.154236337217266,0.845558112890418,0.602789236720552,0.301579665840898,0.106734829547338,1.09884364389377,131,n_OilSpecificRealizedShock_EventOnset,WorldCP,World crude-oil production,gpr_plus_poisson_event_residual_level_lp,World
10,0.506808778264786,0.221038577084367,0.143232673051372,0.8703848834782,0.793302479321812,0.347503813929959,0.22170957059965,1.36489538804397,130,n_OilSpecificRealizedShock_EventOnset,WorldCP,World crude-oil production,gpr_plus_poisson_event_residual_level_lp,World
11,0.535066812138429,0.273387854380433,0.0853838082962923,0.984749815980566,0.819908153974384,0.370249058667901,0.210902646949118,1.42891366099965,129,n_OilSpecificRealizedShock_EventOnset,WorldCP,World crude-oil production,gpr_plus_poisson_event_residual_level_lp,World
12,0.239718255614576,0.354634950717233,-0.343604329316422,0.823040840545574,0.322576120263657,0.411235844533687,-0.353846650150031,0.998998890677344,128,n_OilSpecificRealizedShock_EventOnset,WorldCP,World crude-oil production,gpr_plus_poisson_event_residual_level_lp,World
0,-0.792924952838655,1.2940800629399,-2.92149723793094,1.33564733225363,0.318634770835635,2.03608529306919,-3.03042750825178,3.66769704992305,140,n_StrictSupplyDisruption_EventOnset,Real_Brent,Brent crude oil price,gpr_plus_poisson_event_residual_level_lp,World
1,-2.03663190265689,1.9969223683735,-5.32127690301656,1.24801309770278,0.533098123047408,2.60786789545382,-3.75646284340011,4.82265908949493,139,n_StrictSupplyDisruption_EventOnset,Real_Brent,Brent crude oil price,gpr_plus_poisson_event_residual_level_lp,World
2,-1.31887148652069,1.66270010949477,-4.05376979215578,1.4160268191144,0.748126602431493,2.45880116303536,-3.29624140853972,4.7924946134027,138,n_StrictSupplyDisruption_EventOnset,Real_Brent,Brent crude oil price,gpr_plus_poisson_event_residual_level_lp,World
3,2.34369047749528,2.01825471050523,-0.976043103191137,5.6634240581817,4.11582171476038,3.22984335548944,-1.19679784300154,9.4284412725223,137,n_StrictSupplyDisruption_EventOnset,Real_Brent,Brent crude oil price,gpr_plus_poisson_event_residual_level_lp,World
4,2.89085990695043,2.91121409256545,-1.8976611520381,7.67938096593895,3.27431345805648,4.282459639746,-3.76970581265304,10.318332728766,136,n_StrictSupplyDisruption_EventOnset,Real_Brent,Brent crude oil price,gpr_plus_poisson_event_residual_level_lp,World
5,6.74276654080086,3.51432751757179,0.962212177227542,12.5233209043742,7.67870628435806,3.83327487236803,1.37353020744155,13.9838823612746,135,n_StrictSupplyDisruption_EventOnset,Real_Brent,Brent crude oil price,gpr_plus_poisson_event_residual_level_lp,World
6,7.12190589322043,3.796429245677,0.87733547900397,13.3664763074369,10.0917413544054,4.52400806658677,2.65041027772239,17.5330724310883,134,n_StrictSupplyDisruption_EventOnset,Real_Brent,Brent crude oil price,gpr_plus_poisson_event_residual_level_lp,World
7,8.26772098367458,4.85291618839746,0.285384189897506,16.2500577774516,14.7586866808574,5.14931521835102,6.28881686763635,23.2285564940785,133,n_StrictSupplyDisruption_EventOnset,Real_Brent,Brent crude oil price,gpr_plus_poisson_event_residual_level_lp,World
8,8.07588173854489,4.78002120644605,0.21344652021716,15.9383169568726,14.7735098045039,5.91962053998467,5.03660048913369,24.5104191198741,132,n_StrictSupplyDisruption_EventOnset,Real_Brent,Brent crude oil price,gpr_plus_poisson_event_residual_level_lp,World
9,6.53451380325466,3.73681653016351,0.387997580362996,12.6810300261463,8.4828406197476,5.50510606105829,-0.572253051536668,17.5379342910319,131,n_StrictSupplyDisruption_EventOnset,Real_Brent,Brent crude oil price,gpr_plus_poisson_event_residual_level_lp,World
10,4.18622324689022,2.73157686899595,-0.306820873374516,8.67926736715496,2.74902120335555,5.55501225463296,-6.38816085143735,11.8862032581485,130,n_StrictSupplyDisruption_EventOnset,Real_Brent,Brent crude oil price,gpr_plus_poisson_event_residual_level_lp,World
11,3.41902997752664,1.51482086555758,0.927371382632481,5.9106885724208,2.68563540771919,3.44800314145849,-2.98582506524888,8.35709588068726,129,n_StrictSupplyDisruption_EventOnset,Real_Brent,Brent crude oil price,gpr_plus_poisson_event_residual_level_lp,World
12,2.81703226245867,1.63891677150085,0.121254066583901,5.51281045833343,-3.08319900773789,5.12376730462933,-11.5110462424128,5.34464822693704,128,n_StrictSupplyDisruption_EventOnset,Real_Brent,Brent crude oil price,gpr_plus_poisson_event_residual_level_lp,World
0,-0.377636267485317,1.31919506670163,-2.54751905760598,1.79224652263535,0.114152473195738,2.11894808935636,-3.37120697690396,3.59951192329544,140,n_StrictSupplyDisruption_EventOnset,Real_WTI,WTI crude oil price,gpr_plus_poisson_event_residual_level_lp,World
1,-1.40681382424083,2.09142280823131,-4.84689821584913,2.03327056736748,0.0950116118999063,2.68671416476648,-4.32423992659814,4.51426315039795,139,n_StrictSupplyDisruption_EventOnset,Real_WTI,WTI crude oil price,gpr_plus_poisson_event_residual_level_lp,World
2,-1.12982832957606,1.70249948669948,-3.93019078515672,1.6705341260046,0.867262477846272,2.34079675264991,-2.98300555070616,4.7175305063987,138,n_StrictSupplyDisruption_EventOnset,Real_WTI,WTI crude oil price,gpr_plus_poisson_event_residual_level_lp,World
3,2.71823741853804,1.98913564380869,-0.553599559679129,5.99007439675521,4.10411624818755,2.97584741936737,-0.790717172813044,8.99894966918814,137,n_StrictSupplyDisruption_EventOnset,Real_WTI,WTI crude oil price,gpr_plus_poisson_event_residual_level_lp,World
4,3.40503504021383,2.85216397009291,-1.28635721065379,8.09642729108146,3.07051910306674,4.00593202736841,-3.51865272147124,9.65969092760473,136,n_StrictSupplyDisruption_EventOnset,Real_WTI,WTI crude oil price,gpr_plus_poisson_event_residual_level_lp,World
5,6.80408101436805,3.33493781674839,1.31859645083184,12.2895655779043,6.97837876230082,3.45162934177186,1.30095372059525,12.6558038040064,135,n_StrictSupplyDisruption_EventOnset,Real_WTI,WTI crude oil price,gpr_plus_poisson_event_residual_level_lp,World
6,7.72641377109834,3.44595992946317,2.05831408279141,13.3945134594053,9.55570761384814,3.87944925145016,3.17458144202617,15.9368337856701,134,n_StrictSupplyDisruption_EventOnset,Real_WTI,WTI crude oil price,gpr_plus_poisson_event_residual_level_lp,World
7,8.42452173492247,4.30195499142158,1.3484354643007,15.5006080055442,14.6204426860847,4.93652327724108,6.50058446898437,22.7403009031851,133,n_StrictSupplyDisruption_EventOnset,Real_WTI,WTI crude oil price,gpr_plus_poisson_event_residual_level_lp,World
8,8.10113834619943,4.5024239528577,0.695309977268253,15.5069667151306,14.6331834441638,5.43387309701696,5.69525757214146,23.5711093161862,132,n_StrictSupplyDisruption_EventOnset,Real_WTI,WTI crude oil price,gpr_plus_poisson_event_residual_level_lp,World
9,6.759739839252,3.47470045473522,1.04436619371084,12.4751134847932,8.14931985373152,5.05634177388348,-0.167622252146963,16.46626195961,131,n_StrictSupplyDisruption_EventOnset,Real_WTI,WTI crude oil price,gpr_plus_poisson_event_residual_level_lp,World
10,4.416146323308,2.40395875154879,0.461986051781247,8.37030659483476,1.82282697331636,4.86977807833123,-6.18724516127553,9.83289910790826,130,n_StrictSupplyDisruption_EventOnset,Real_WTI,WTI crude oil price,gpr_plus_poisson_event_residual_level_lp,World
11,3.8992487586532,1.48018298346729,1.46456440974517,6.33393310756123,1.83659547587106,2.93426670957157,-2.98984376381071,6.66303471555282,129,n_StrictSupplyDisruption_EventOnset,Real_WTI,WTI crude oil price,gpr_plus_poisson_event_residual_level_lp,World
12,3.11466492406868,1.8040267155928,0.147305037808505,6.08202481032885,-2.75287705793227,4.83444277877775,-10.7048277968942,5.19907368102967,128,n_StrictSupplyDisruption_EventOnset,Real_WTI,WTI crude oil price,gpr_plus_poisson_event_residual_level_lp,World
0,-0.350697568474742,1.01285540025214,-2.01669644715686,1.31530131020738,-0.724253089338557,1.48136552847964,-3.16088255169918,1.71237637302206,140,n_StrictSupplyDisruption_EventOnset,Real_Gasoline,Gasoline price,gpr_plus_poisson_event_residual_level_lp,World
1,-1.03249392721123,1.75291832235644,-3.91578798748892,1.85080013306645,-2.04478447424528,1.65800578073144,-4.7719612961879,0.682392347697343,139,n_StrictSupplyDisruption_EventOnset,Real_Gasoline,Gasoline price,gpr_plus_poisson_event_residual_level_lp,World
2,-1.58082675624934,1.29607823691331,-3.71268574504906,0.551032232550383,-0.892432221067033,1.1575856753407,-2.79649121765825,1.01162677552418,138,n_StrictSupplyDisruption_EventOnset,Real_Gasoline,Gasoline price,gpr_plus_poisson_event_residual_level_lp,World
3,0.503646085767099,1.20944763718193,-1.48571824685948,2.49301041839368,2.57760185026437,1.36767445782708,0.3279775578186,4.82722614271014,137,n_StrictSupplyDisruption_EventOnset,Real_Gasoline,Gasoline price,gpr_plus_poisson_event_residual_level_lp,World
4,1.39111703674274,1.91276935416365,-1.75510857297496,4.53734264646044,1.10515087069412,2.08722840554985,-2.32803434245069,4.53833608383893,136,n_StrictSupplyDisruption_EventOnset,Real_Gasoline,Gasoline price,gpr_plus_poisson_event_residual_level_lp,World
5,3.0091428030143,1.98573466621033,-0.257100064865033,6.27538567089363,1.19914044162347,1.7245622437885,-1.63751201997561,4.03579290322255,135,n_StrictSupplyDisruption_EventOnset,Real_Gasoline,Gasoline price,gpr_plus_poisson_event_residual_level_lp,World
6,3.37401617518895,1.74482248838332,0.504038576785153,6.24399377359275,3.7067584745831,1.66040923231795,0.975628326581215,6.43788862258498,134,n_StrictSupplyDisruption_EventOnset,Real_Gasoline,Gasoline price,gpr_plus_poisson_event_residual_level_lp,World
7,4.04289549261979,1.98481150516408,0.778171089535638,7.30761989570395,7.16172269916605,2.38767157797032,3.23435244417261,11.0890929541595,133,n_StrictSupplyDisruption_EventOnset,Real_Gasoline,Gasoline price,gpr_plus_poisson_event_residual_level_lp,World
8,4.20486953987728,2.29338977073969,0.432579057462694,7.97716002229187,8.00069203538318,2.59018969478176,3.74020912142907,12.2611749493373,132,n_StrictSupplyDisruption_EventOnset,Real_Gasoline,Gasoline price,gpr_plus_poisson_event_residual_level_lp,World
9,3.08236088320807,2.21816100852771,-0.566189296831065,6.7309110632472,2.59826403052097,2.95069431029365,-2.2551962077906,7.45172426883255,131,n_StrictSupplyDisruption_EventOnset,Real_Gasoline,Gasoline price,gpr_plus_poisson_event_residual_level_lp,World
10,2.16969388884189,1.23609626166015,0.13649646958904,4.20289130809474,0.796534034587637,2.45756192846106,-3.24579561689939,4.83886368607466,130,n_StrictSupplyDisruption_EventOnset,Real_Gasoline,Gasoline price,gpr_plus_poisson_event_residual_level_lp,World
11,1.57363296995479,1.01646975576625,-0.0983109945038028,3.24557693441339,1.30320019945152,1.41691677120423,-1.02742049075213,3.63382088965518,129,n_StrictSupplyDisruption_EventOnset,Real_Gasoline,Gasoline price,gpr_plus_poisson_event_residual_level_lp,World
12,1.83012896530731,0.89534697479833,0.35741424643025,3.30284368418437,0.204019906467068,2.69773739502961,-4.23336323231,4.64140304524414,128,n_StrictSupplyDisruption_EventOnset,Real_Gasoline,Gasoline price,gpr_plus_poisson_event_residual_level_lp,World
0,0.0504258975775097,0.138942723517903,-0.178114545139428,0.278966340294448,-0.121180155815117,0.210440254023554,-0.467323570902349,0.224963259272116,140,n_StrictSupplyDisruption_EventOnset,inv_OECD,OECD inventory,gpr_plus_poisson_event_residual_level_lp,World
1,-0.101217713926509,0.215502391556089,-0.455687604294259,0.25325217644124,-0.284167519850838,0.345309981096265,-0.852151894679574,0.283816854977898,139,n_StrictSupplyDisruption_EventOnset,inv_OECD,OECD inventory,gpr_plus_poisson_event_residual_level_lp,World
2,-0.176815418992969,0.16939643510102,-0.455447759661532,0.101816921675594,-0.246692893013638,0.236453553536746,-0.63562437815412,0.142238592126843,138,n_StrictSupplyDisruption_EventOnset,inv_OECD,OECD inventory,gpr_plus_poisson_event_residual_level_lp,World
3,-0.410362704099446,0.179281818200265,-0.705255053012606,-0.115470355186286,-0.16149088240645,0.250599090012603,-0.573689704524418,0.250707939711519,137,n_StrictSupplyDisruption_EventOnset,inv_OECD,OECD inventory,gpr_plus_poisson_event_residual_level_lp,World
4,-0.612388955904905,0.20703374092026,-0.952929155558925,-0.271848756250884,-0.226408823273245,0.369153218326117,-0.833611833337768,0.380794186791278,136,n_StrictSupplyDisruption_EventOnset,inv_OECD,OECD inventory,gpr_plus_poisson_event_residual_level_lp,World
5,-0.901529837665672,0.238133461578955,-1.29322452564233,-0.50983514968902,-1.06270928895853,0.439958526676696,-1.78637666727092,-0.339041910646142,135,n_StrictSupplyDisruption_EventOnset,inv_OECD,OECD inventory,gpr_plus_poisson_event_residual_level_lp,World
6,-0.975672773952675,0.246871404646916,-1.38174009927676,-0.56960544862859,-1.41646417370139,0.417578388934373,-2.10331950127665,-0.729608846126134,134,n_StrictSupplyDisruption_EventOnset,inv_OECD,OECD inventory,gpr_plus_poisson_event_residual_level_lp,World
7,-0.962255463961217,0.314553952776448,-1.47965067405748,-0.444860253864954,-1.82111935135203,0.527204827076822,-2.68829412331566,-0.953944579388391,133,n_StrictSupplyDisruption_EventOnset,inv_OECD,OECD inventory,gpr_plus_poisson_event_residual_level_lp,World
8,-0.807969138474107,0.329867596813133,-1.35055305150595,-0.26538522544226,-2.03040552511894,0.664183116556203,-3.12288953334634,-0.937921516891532,132,n_StrictSupplyDisruption_EventOnset,inv_OECD,OECD inventory,gpr_plus_poisson_event_residual_level_lp,World
9,-0.634330987967515,0.262384601172105,-1.06591525086167,-0.202746725073362,-1.96898342613334,0.528498852608267,-2.83828668068574,-1.09968017158094,131,n_StrictSupplyDisruption_EventOnset,inv_OECD,OECD inventory,gpr_plus_poisson_event_residual_level_lp,World
10,-0.486715336532991,0.25088733411637,-0.899388278010487,-0.0740423950554945,-1.3700025171556,0.457875927735235,-2.12314139758467,-0.616863636726525,130,n_StrictSupplyDisruption_EventOnset,inv_OECD,OECD inventory,gpr_plus_poisson_event_residual_level_lp,World
11,-0.103149131730368,0.167462096469877,-0.378599768485743,0.172301505025006,-0.563522016172768,0.47125342855108,-1.33866492733833,0.211620894992793,129,n_StrictSupplyDisruption_EventOnset,inv_OECD,OECD inventory,gpr_plus_poisson_event_residual_level_lp,World
12,0.237866758096337,0.221582794541454,-0.126604505175217,0.60233802136789,0.0987198269139166,0.434380861044561,-0.615773107853533,0.813212761681366,128,n_StrictSupplyDisruption_EventOnset,inv_OECD,OECD inventory,gpr_plus_poisson_event_residual_level_lp,World
0,-0.309237551004782,0.21061447152106,-0.655667528374665,0.0371924263651003,-0.184122092596006,0.364396471970812,-0.783500951165516,0.415256765973505,140,n_StrictSupplyDisruption_EventOnset,inv_USA,U.S. inventory,gpr_plus_poisson_event_residual_level_lp,World
1,-0.294690636121092,0.312802028288723,-0.809204186869575,0.219822914627392,-0.825241257503983,0.578100309145817,-1.77613164774425,0.125649132736282,139,n_StrictSupplyDisruption_EventOnset,inv_USA,U.S. inventory,gpr_plus_poisson_event_residual_level_lp,World
2,-0.56612745557008,0.328896632784494,-1.10711427489778,-0.0251406362423789,-0.796946601675004,0.438354955878841,-1.51797634074447,-0.0759168626055398,138,n_StrictSupplyDisruption_EventOnset,inv_USA,U.S. inventory,gpr_plus_poisson_event_residual_level_lp,World
3,-0.970150649692684,0.328535127316324,-1.5105428454399,-0.429758453945465,-0.490591903760207,0.463635134987792,-1.25320383712701,0.272020029606599,137,n_StrictSupplyDisruption_EventOnset,inv_USA,U.S. inventory,gpr_plus_poisson_event_residual_level_lp,World
4,-1.00780136350013,0.321045511406504,-1.5358742373536,-0.479728489646648,-0.720274029962811,0.6309529207961,-1.7580992301699,0.317551170244279,136,n_StrictSupplyDisruption_EventOnset,inv_USA,U.S. inventory,gpr_plus_poisson_event_residual_level_lp,World
5,-1.52530814053474,0.369121127454267,-2.13245836581231,-0.918157915257177,-1.8920224117862,0.697591338040988,-3.03945805429285,-0.744586769279551,135,n_StrictSupplyDisruption_EventOnset,inv_USA,U.S. inventory,gpr_plus_poisson_event_residual_level_lp,World
6,-1.8136416988604,0.372964073508428,-2.42711300789333,-1.20017038982746,-2.43119603556696,0.637498977633925,-3.47978854110598,-1.38260353002794,134,n_StrictSupplyDisruption_EventOnset,inv_USA,U.S. inventory,gpr_plus_poisson_event_residual_level_lp,World
7,-1.75549915551852,0.482156593754711,-2.54857617751452,-0.962422133522516,-2.64357019612102,0.922764091700565,-4.16138205917527,-1.12575833306677,133,n_StrictSupplyDisruption_EventOnset,inv_USA,U.S. inventory,gpr_plus_poisson_event_residual_level_lp,World
8,-1.41248063384164,0.519553211753831,-2.26706961858922,-0.557891649094067,-3.03721730423349,1.14638692353713,-4.92285599330327,-1.1515786151637,132,n_StrictSupplyDisruption_EventOnset,inv_USA,U.S. inventory,gpr_plus_poisson_event_residual_level_lp,World
9,-1.01659946245917,0.395052396146903,-1.66640282909728,-0.366796095821072,-2.89508564985921,0.751340765248734,-4.13093123265508,-1.65924006706333,131,n_StrictSupplyDisruption_EventOnset,inv_USA,U.S. inventory,gpr_plus_poisson_event_residual_level_lp,World
10,-0.667996969321475,0.514592050572156,-1.51442557010548,0.178431631462532,-1.73871467456631,0.873504299209176,-3.17550138927823,-0.301927959854393,130,n_StrictSupplyDisruption_EventOnset,inv_USA,U.S. inventory,gpr_plus_poisson_event_residual_level_lp,World
11,-0.152960730133916,0.296288958247751,-0.640312697733402,0.334391237465571,-1.24548743864698,0.785118518949833,-2.53689248212838,0.0459176048344252,129,n_StrictSupplyDisruption_EventOnset,inv_USA,U.S. inventory,gpr_plus_poisson_event_residual_level_lp,World
12,0.423807660277798,0.279593086866159,-0.0360820427245623,0.883697363280158,0.131758741271233,0.668984269628772,-0.968622461001135,1.2321399435436,128,n_StrictSupplyDisruption_EventOnset,inv_USA,U.S. inventory,gpr_plus_poisson_event_residual_level_lp,World
0,-0.0379459834790212,0.0956576439994127,-0.195288806157088,0.119396839199046,-0.175318908264741,0.191081264083577,-0.489619618535085,0.138981802005603,140,n_StrictSupplyDisruption_EventOnset,WorldCP,World crude-oil production,gpr_plus_poisson_event_residual_level_lp,World
1,-0.338381435014844,0.136190706342974,-0.562395212300167,-0.11436765772952,-0.2421887473841,0.313916850222901,-0.758536017034421,0.274158522266221,139,n_StrictSupplyDisruption_EventOnset,WorldCP,World crude-oil production,gpr_plus_poisson_event_residual_level_lp,World
2,-0.393327264292702,0.165120908404345,-0.664926989367112,-0.121727539218293,-0.559452734571315,0.325968122167767,-1.09562258258953,-0.0232828865531026,138,n_StrictSupplyDisruption_EventOnset,WorldCP,World crude-oil production,gpr_plus_poisson_event_residual_level_lp,World
3,-0.18474389629973,0.236137525794501,-0.573155562062161,0.203667769462702,-0.553810989405896,0.419594599165723,-1.24398268769288,0.136360708881093,137,n_StrictSupplyDisruption_EventOnset,WorldCP,World crude-oil production,gpr_plus_poisson_event_residual_level_lp,World
4,-0.126996440828707,0.243916600226024,-0.528203545384154,0.27421066372674,-0.460005134317939,0.436760992465078,-1.17841303688505,0.258402768249169,136,n_StrictSupplyDisruption_EventOnset,WorldCP,World crude-oil production,gpr_plus_poisson_event_residual_level_lp,World
5,-0.0749184030285442,0.226150647296418,-0.446903115471481,0.297066309414392,-0.451186822094859,0.378267688525725,-1.07338180152495,0.17100815733523,135,n_StrictSupplyDisruption_EventOnset,WorldCP,World crude-oil production,gpr_plus_poisson_event_residual_level_lp,World
6,0.119764889494704,0.223916168058653,-0.248544431669646,0.488074210659055,-0.355006622988666,0.476706574066814,-1.13911916033408,0.429105914356743,134,n_StrictSupplyDisruption_EventOnset,WorldCP,World crude-oil production,gpr_plus_poisson_event_residual_level_lp,World
7,0.309465544990381,0.210024830984743,-0.0359945600047438,0.654925649985506,0.273834373884355,0.437573798565322,-0.445910475744748,0.993579223513458,133,n_StrictSupplyDisruption_EventOnset,WorldCP,World crude-oil production,gpr_plus_poisson_event_residual_level_lp,World
8,0.511018944556069,0.246039609753145,0.106319800079884,0.915718089032254,1.17678951161474,0.57452072327914,0.231787016170263,2.12179200705922,132,n_StrictSupplyDisruption_EventOnset,WorldCP,World crude-oil production,gpr_plus_poisson_event_residual_level_lp,World
9,0.814825441109584,0.234795442283111,0.428621306278534,1.20102957594063,1.78039118986244,0.648615789800742,0.7135131555107,2.84726922421419,131,n_StrictSupplyDisruption_EventOnset,WorldCP,World crude-oil production,gpr_plus_poisson_event_residual_level_lp,World
10,0.789160295017957,0.266944856144249,0.350075080193051,1.22824550984286,1.90956236950735,0.58092341438619,0.954028384373195,2.86509635464151,130,n_StrictSupplyDisruption_EventOnset,WorldCP,World crude-oil production,gpr_plus_poisson_event_residual_level_lp,World
11,0.764896896435004,0.278355026835714,0.307043620964105,1.2227501719059,1.66626531243899,0.601797926818178,0.676395809820231,2.65613481505774,129,n_StrictSupplyDisruption_EventOnset,WorldCP,World crude-oil production,gpr_plus_poisson_event_residual_level_lp,World
12,0.583509611105201,0.227374597442319,0.209511679825571,0.957507542384831,1.54109309327498,0.439546878101423,0.818102816614657,2.2640833699353,128,n_StrictSupplyDisruption_EventOnset,WorldCP,World crude-oil production,gpr_plus_poisson_event_residual_level_lp,World
0,-1.24146555137927,1.1680421684892,-3.16272394865099,0.67979284589245,-2.57694235359746,0.983396781443448,-4.19448611628712,-0.959398590907801,140,n_ChokepointShippingRisk_EventOnset,Real_Brent,Brent crude oil price,gpr_plus_poisson_event_residual_level_lp,World
1,-2.56663816384082,1.78496190791676,-5.50263923204793,0.369362904366288,-1.7120273811099,1.59002388520247,-4.32738393562465,0.903329173404846,139,n_ChokepointShippingRisk_EventOnset,Real_Brent,Brent crude oil price,gpr_plus_poisson_event_residual_level_lp,World
2,-1.70748052051612,1.71702185454901,-4.531730145526,1.11676910449376,-2.8066463994784,1.4927063170576,-5.26192979906396,-0.351362999892833,138,n_ChokepointShippingRisk_EventOnset,Real_Brent,Brent crude oil price,gpr_plus_poisson_event_residual_level_lp,World
3,1.74053670230017,1.9946809694322,-1.54042152488147,5.02149492948182,0.0696663134826568,1.79109999263476,-2.87643100563538,3.01576363260069,137,n_ChokepointShippingRisk_EventOnset,Real_Brent,Brent crude oil price,gpr_plus_poisson_event_residual_level_lp,World
4,2.76204460975251,2.70047557964029,-1.6798424419127,7.20393166141772,-1.35006407546308,2.43300406243406,-5.35199963194542,2.65187148101925,136,n_ChokepointShippingRisk_EventOnset,Real_Brent,Brent crude oil price,gpr_plus_poisson_event_residual_level_lp,World
5,5.31724855689889,2.99676927517834,0.38800174548507,10.2464953683127,0.535274349991797,1.98754858050009,-2.73395214138602,3.80450084136961,135,n_ChokepointShippingRisk_EventOnset,Real_Brent,Brent crude oil price,gpr_plus_poisson_event_residual_level_lp,World
6,4.93360933185611,3.19698778105939,-0.324967615138974,10.1921862788512,0.364772338287867,2.23539399344156,-3.31212357949002,4.04166825606576,134,n_ChokepointShippingRisk_EventOnset,Real_Brent,Brent crude oil price,gpr_plus_poisson_event_residual_level_lp,World
7,4.7798689850545,3.62277201704593,-1.1790607068018,10.7387986769108,3.02007842628588,1.89901000060687,-0.103515060829451,6.14367191340122,133,n_ChokepointShippingRisk_EventOnset,Real_Brent,Brent crude oil price,gpr_plus_poisson_event_residual_level_lp,World
8,4.98173167756269,3.56300960686373,-0.878897597150053,10.8423609522754,4.0091023056817,1.66843180336801,1.26477620259064,6.75342840877276,132,n_ChokepointShippingRisk_EventOnset,Real_Brent,Brent crude oil price,gpr_plus_poisson_event_residual_level_lp,World
9,5.4309970375211,3.14716645758934,0.254368875135257,10.6076251999069,4.6901066131652,2.09058638924928,1.25139800835314,8.12881521797726,131,n_ChokepointShippingRisk_EventOnset,Real_Brent,Brent crude oil price,gpr_plus_poisson_event_residual_level_lp,World
10,4.60408207532956,2.45551872556696,0.565113193533495,8.64305095712563,5.46437023970321,1.98470708215902,2.19981759717768,8.72892288222874,130,n_ChokepointShippingRisk_EventOnset,Real_Brent,Brent crude oil price,gpr_plus_poisson_event_residual_level_lp,World
11,4.11967303977201,2.05064296673372,0.746665518357525,7.4926805611865,5.34279781434395,1.60048361847655,2.71023652961638,7.97535909907152,129,n_ChokepointShippingRisk_EventOnset,Real_Brent,Brent crude oil price,gpr_plus_poisson_event_residual_level_lp,World
12,4.37599037935651,2.04187124874514,1.01741105009014,7.73456970862289,3.7027545274021,1.81179944022981,0.722609646831443,6.68289940797276,128,n_ChokepointShippingRisk_EventOnset,Real_Brent,Brent crude oil price,gpr_plus_poisson_event_residual_level_lp,World
0,-0.629714327559326,1.17528919001708,-2.56289301447577,1.30346435935712,-2.31430577610095,1.01943307333065,-3.99112396420316,-0.63748758799875,140,n_ChokepointShippingRisk_EventOnset,Real_WTI,WTI crude oil price,gpr_plus_poisson_event_residual_level_lp,World
1,-1.71197755734943,1.84560133995267,-4.74772161527708,1.32376650057821,-1.50858297565948,1.62941489845357,-4.1887319811896,1.17156602987064,139,n_ChokepointShippingRisk_EventOnset,Real_WTI,WTI crude oil price,gpr_plus_poisson_event_residual_level_lp,World
2,-1.50107902029009,1.71332353497516,-4.3192454509353,1.31708741035512,-2.59131099274205,1.49123369855505,-5.0441721504426,-0.138449835041514,138,n_ChokepointShippingRisk_EventOnset,Real_WTI,WTI crude oil price,gpr_plus_poisson_event_residual_level_lp,World
3,1.99194221569023,1.89535747940316,-1.12564340867567,5.10952784005612,0.15791510790496,1.80542387359259,-2.81174289875859,3.12757311456851,137,n_ChokepointShippingRisk_EventOnset,Real_WTI,WTI crude oil price,gpr_plus_poisson_event_residual_level_lp,World
4,3.14786545979014,2.58236981813016,-1.09975490169127,7.39548582127155,-1.73610039420843,2.33482577481524,-5.57654703821306,2.1043462497962,136,n_ChokepointShippingRisk_EventOnset,Real_WTI,WTI crude oil price,gpr_plus_poisson_event_residual_level_lp,World
5,5.47657310516641,2.8220091488743,0.834781121350276,10.1183650889825,0.640061461171347,1.84588120128071,-2.39614292767678,3.67626585001947,135,n_ChokepointShippingRisk_EventOnset,Real_WTI,WTI crude oil price,gpr_plus_poisson_event_residual_level_lp,World
6,5.77833279625478,2.88051308856465,1.04031039504803,10.5163551974615,0.911947278994392,2.07454690040126,-2.50037871441156,4.32427327240035,134,n_ChokepointShippingRisk_EventOnset,Real_WTI,WTI crude oil price,gpr_plus_poisson_event_residual_level_lp,World
7,5.09348221040986,3.12533822696339,-0.047241707660949,10.2342061284807,3.57327172293897,1.76188908730058,0.675222067406402,6.47132137847155,133,n_ChokepointShippingRisk_EventOnset,Real_WTI,WTI crude oil price,gpr_plus_poisson_event_residual_level_lp,World
8,4.97141295565124,3.31514566482782,-0.481516415013247,10.4243423263157,3.96625759759669,1.59910057877753,1.33597121073427,6.59654398445911,132,n_ChokepointShippingRisk_EventOnset,Real_WTI,WTI crude oil price,gpr_plus_poisson_event_residual_level_lp,World
9,5.57226663518938,2.94272491589784,0.731914884154356,10.4126183862244,4.13074577667293,2.05454662777238,0.75131730424061,7.51017424910526,131,n_ChokepointShippingRisk_EventOnset,Real_WTI,WTI crude oil price,gpr_plus_poisson_event_residual_level_lp,World
10,4.84935946897034,2.26845277480568,1.11808669476308,8.5806322431776,4.86600296984507,1.96124232547434,1.64004641745787,8.09195952223227,130,n_ChokepointShippingRisk_EventOnset,Real_WTI,WTI crude oil price,gpr_plus_poisson_event_residual_level_lp,World
11,4.72817071848224,1.99898424997099,1.44013422469859,8.01620721226589,5.08653848909295,1.74651193564028,2.213781997241,7.95929498094491,129,n_ChokepointShippingRisk_EventOnset,Real_WTI,WTI crude oil price,gpr_plus_poisson_event_residual_level_lp,World
12,4.56017265865325,2.07052846589595,1.15445640181803,7.96588891548847,3.84915881564324,1.955578193394,0.632518931451911,7.06579869983457,128,n_ChokepointShippingRisk_EventOnset,Real_WTI,WTI crude oil price,gpr_plus_poisson_event_residual_level_lp,World
0,-0.302366713835729,0.954492016247892,-1.8723663686573,1.26763294098584,-1.45133291541678,0.722550902779108,-2.63982338851006,-0.262842442323505,140,n_ChokepointShippingRisk_EventOnset,Real_Gasoline,Gasoline price,gpr_plus_poisson_event_residual_level_lp,World
1,-0.612168606568187,1.6382669827329,-3.30687799503123,2.08254078189486,-0.978151310839657,1.14397713509787,-2.85982625065494,0.903523628975623,139,n_ChokepointShippingRisk_EventOnset,Real_Gasoline,Gasoline price,gpr_plus_poisson_event_residual_level_lp,World
2,-1.40839074942245,1.26454300801808,-3.48837890259711,0.671597403752213,-0.682712344538817,0.80222829582627,-2.00226046657176,0.636835777494122,138,n_ChokepointShippingRisk_EventOnset,Real_Gasoline,Gasoline price,gpr_plus_poisson_event_residual_level_lp,World
3,0.12625565568805,1.08137034473344,-1.65244027792451,1.90495158930061,0.502073049259898,0.837518362518031,-0.875522066966343,1.87966816548614,137,n_ChokepointShippingRisk_EventOnset,Real_Gasoline,Gasoline price,gpr_plus_poisson_event_residual_level_lp,World
4,1.55923772423297,1.73764790586069,-1.29893873608662,4.41741418455255,-0.791145110723635,1.15778191701275,-2.69552689614088,1.11323667469361,136,n_ChokepointShippingRisk_EventOnset,Real_Gasoline,Gasoline price,gpr_plus_poisson_event_residual_level_lp,World
5,2.91009923070389,1.77421688286088,-0.00822784406836519,5.82842630547614,-0.471662004045905,1.02557262914097,-2.15857886279058,1.21525485469877,135,n_ChokepointShippingRisk_EventOnset,Real_Gasoline,Gasoline price,gpr_plus_poisson_event_residual_level_lp,World
6,2.72574742221183,1.53196403529245,0.205890822401825,5.24560402202183,0.584506741978865,1.29423965000733,-1.5443280404801,2.71334152443783,134,n_ChokepointShippingRisk_EventOnset,Real_Gasoline,Gasoline price,gpr_plus_poisson_event_residual_level_lp,World
7,2.36221093936254,1.43501688512222,0.0018182111326559,4.72260366759243,1.54053773278601,0.982693390957174,-0.0758490555111353,3.15692452108316,133,n_ChokepointShippingRisk_EventOnset,Real_Gasoline,Gasoline price,gpr_plus_poisson_event_residual_level_lp,World
8,2.36073497369963,1.79540389841101,-0.592441640444529,5.31391158784378,1.40241307660736,0.948734892619669,-0.158116952533515,2.96294310574824,132,n_ChokepointShippingRisk_EventOnset,Real_Gasoline,Gasoline price,gpr_plus_poisson_event_residual_level_lp,World
9,2.78832433421872,1.9209387219326,-0.371338689703645,5.94798735814109,1.941437552372,1.49910731348326,-0.524374549400421,4.40724965414442,131,n_ChokepointShippingRisk_EventOnset,Real_Gasoline,Gasoline price,gpr_plus_poisson_event_residual_level_lp,World
10,2.58188111256616,1.17012100644147,0.657203331148799,4.50655889398353,3.33315568909583,1.28316744662549,1.22253306052784,5.44377831766382,130,n_ChokepointShippingRisk_EventOnset,Real_Gasoline,Gasoline price,gpr_plus_poisson_event_residual_level_lp,World
11,2.00205437176518,1.26058280575795,-0.0714198283584455,4.0755285718888,3.63824149401245,0.9777971965577,2.02990822883153,5.24657475919336,129,n_ChokepointShippingRisk_EventOnset,Real_Gasoline,Gasoline price,gpr_plus_poisson_event_residual_level_lp,World
12,2.07717497221377,1.15478796008192,0.177717807713124,3.97663213671442,1.91369657856825,1.45076683669473,-0.472602514629993,4.2999956717665,128,n_ChokepointShippingRisk_EventOnset,Real_Gasoline,Gasoline price,gpr_plus_poisson_event_residual_level_lp,World
0,0.133551615054415,0.13177000205546,-0.0831907507499111,0.35029398085874,-0.0741423427371443,0.0991106208576925,-0.237164806924332,0.0888801214500434,140,n_ChokepointShippingRisk_EventOnset,inv_OECD,OECD inventory,gpr_plus_poisson_event_residual_level_lp,World
1,0.0561910061452168,0.212523270230245,-0.29337866570459,0.405760677995024,0.0974889810519165,0.222536077420572,-0.268550293020866,0.463528255124699,139,n_ChokepointShippingRisk_EventOnset,inv_OECD,OECD inventory,gpr_plus_poisson_event_residual_level_lp,World
2,-0.0488790241228173,0.181776974433091,-0.347875539815352,0.250117491569718,0.240232625192209,0.181034957701499,-0.0575433815881073,0.538008631972526,138,n_ChokepointShippingRisk_EventOnset,inv_OECD,OECD inventory,gpr_plus_poisson_event_residual_level_lp,World
3,-0.330274584416545,0.192711787846579,-0.647257267612293,-0.0132919012207969,0.230016853531538,0.166960684826453,-0.0446090344635546,0.50464274152663,137,n_ChokepointShippingRisk_EventOnset,inv_OECD,OECD inventory,gpr_plus_poisson_event_residual_level_lp,World
4,-0.512350538644284,0.223964503691778,-0.880739364850092,-0.143961712438477,0.0725504909541009,0.295859673219014,-0.414095365608872,0.559196347517074,136,n_ChokepointShippingRisk_EventOnset,inv_OECD,OECD inventory,gpr_plus_poisson_event_residual_level_lp,World
5,-0.65541839891083,0.25508389905476,-1.07499407544797,-0.235842722373685,-0.0466069772998568,0.345909157367299,-0.615576909391186,0.522362954791473,135,n_ChokepointShippingRisk_EventOnset,inv_OECD,OECD inventory,gpr_plus_poisson_event_residual_level_lp,World
6,-0.659542488304127,0.250710811562016,-1.07192507601786,-0.247159900590398,-0.189032078267718,0.286572674563493,-0.660402181408663,0.282338024873228,134,n_ChokepointShippingRisk_EventOnset,inv_OECD,OECD inventory,gpr_plus_poisson_event_residual_level_lp,World
7,-0.449030571714286,0.219400495040864,-0.8099122717372,-0.0881488716913721,-0.0862508392047767,0.247665301901528,-0.493624009307536,0.321122330897982,133,n_ChokepointShippingRisk_EventOnset,inv_OECD,OECD inventory,gpr_plus_poisson_event_residual_level_lp,World
8,-0.28043996111024,0.216569245681287,-0.636664670355249,0.0757847481347696,-0.365241515053047,0.271553168020666,-0.811906728382001,0.0814236982759077,132,n_ChokepointShippingRisk_EventOnset,inv_OECD,OECD inventory,gpr_plus_poisson_event_residual_level_lp,World
9,-0.205520331315278,0.222873383951594,-0.572114425259005,0.161073762628448,-0.643501805410031,0.215184538733214,-0.997448874409237,-0.289554736410825,131,n_ChokepointShippingRisk_EventOnset,inv_OECD,OECD inventory,gpr_plus_poisson_event_residual_level_lp,World
10,-0.17332085705216,0.242873208275271,-0.57281173457308,0.22617002046876,-0.56120881128409,0.164203769004481,-0.831299976290212,-0.291117646277967,130,n_ChokepointShippingRisk_EventOnset,inv_OECD,OECD inventory,gpr_plus_poisson_event_residual_level_lp,World
11,0.00689914677065289,0.238875891607904,-0.386016729931875,0.399815023473181,-0.580723820713774,0.210106784558123,-0.926318727341313,-0.235128914086234,129,n_ChokepointShippingRisk_EventOnset,inv_OECD,OECD inventory,gpr_plus_poisson_event_residual_level_lp,World
12,0.130569130851903,0.288974422967123,-0.344751496861778,0.605889758565583,-0.767276356576784,0.207075974300412,-1.10788602395933,-0.426666689194241,128,n_ChokepointShippingRisk_EventOnset,inv_OECD,OECD inventory,gpr_plus_poisson_event_residual_level_lp,World
0,-0.160111963293947,0.235163488152211,-0.546921479707672,0.226697553119777,0.0492427563102258,0.166459902067369,-0.224559417347272,0.323044929967724,140,n_ChokepointShippingRisk_EventOnset,inv_USA,U.S. inventory,gpr_plus_poisson_event_residual_level_lp,World
1,0.0909037858561039,0.297818621524377,-0.398964253931956,0.580771825644164,0.0950857791902956,0.402630587652326,-0.567182603231235,0.757354161611826,139,n_ChokepointShippingRisk_EventOnset,inv_USA,U.S. inventory,gpr_plus_poisson_event_residual_level_lp,World
2,-0.236940607045487,0.291693944069953,-0.716734448908729,0.242853234817755,0.341184328207597,0.292598641734204,-0.140097608889983,0.822466265305177,138,n_ChokepointShippingRisk_EventOnset,inv_USA,U.S. inventory,gpr_plus_poisson_event_residual_level_lp,World
3,-0.793711602695353,0.338662168888792,-1.35076129950333,-0.236661905887372,0.14326705190553,0.259916876889079,-0.284258165751371,0.57079226956243,137,n_ChokepointShippingRisk_EventOnset,inv_USA,U.S. inventory,gpr_plus_poisson_event_residual_level_lp,World
4,-0.79387581658375,0.332980431327135,-1.34157988675605,-0.246171746411446,-0.0172565693846963,0.441332256356928,-0.743183531944067,0.708670393174674,136,n_ChokepointShippingRisk_EventOnset,inv_USA,U.S. inventory,gpr_plus_poisson_event_residual_level_lp,World
5,-1.0531132343291,0.361946128770457,-1.64846163699823,-0.457764831659969,-0.214493402854134,0.49072499439914,-1.0216641897273,0.592677384019033,135,n_ChokepointShippingRisk_EventOnset,inv_USA,U.S. inventory,gpr_plus_poisson_event_residual_level_lp,World
6,-1.22680378074086,0.382713081392181,-1.85631078075056,-0.597296780731155,-0.181394139561864,0.402508454882178,-0.843461631453448,0.480673352329721,134,n_ChokepointShippingRisk_EventOnset,inv_USA,U.S. inventory,gpr_plus_poisson_event_residual_level_lp,World
7,-1.01643063520553,0.35447679142072,-1.59949307124402,-0.433368199167034,-0.13186947128951,0.419500828768286,-0.821886930998175,0.558147988419154,133,n_ChokepointShippingRisk_EventOnset,inv_USA,U.S. inventory,gpr_plus_poisson_event_residual_level_lp,World
8,-0.642290159324138,0.355389939181536,-1.22685458976895,-0.0577257288793261,-0.433569321258162,0.431163811026075,-1.14277067963462,0.275632037118296,132,n_ChokepointShippingRisk_EventOnset,inv_USA,U.S. inventory,gpr_plus_poisson_event_residual_level_lp,World
9,-0.39070863410363,0.298224934206078,-0.881244998779861,0.0998277305726015,-0.863482810928066,0.357404915109165,-1.45136158183566,-0.275604040020473,131,n_ChokepointShippingRisk_EventOnset,inv_USA,U.S. inventory,gpr_plus_poisson_event_residual_level_lp,World
10,-0.303972348081998,0.381410919009789,-0.931337481574143,0.323392785410147,-0.823016871341511,0.31376075858562,-1.33910739309611,-0.306926349586908,130,n_ChokepointShippingRisk_EventOnset,inv_USA,U.S. inventory,gpr_plus_poisson_event_residual_level_lp,World
11,0.0367310819895442,0.345150962933199,-0.530991731236921,0.604453895216009,-1.10413970850953,0.326463246015438,-1.64112396278437,-0.567155454234682,129,n_ChokepointShippingRisk_EventOnset,inv_USA,U.S. inventory,gpr_plus_poisson_event_residual_level_lp,World
12,0.274380163013178,0.415404177602696,-0.40889890516741,0.957659231193766,-1.16516664871292,0.363398463107001,-1.76290392878306,-0.567429368642783,128,n_ChokepointShippingRisk_EventOnset,inv_USA,U.S. inventory,gpr_plus_poisson_event_residual_level_lp,World
0,0.0353843697339072,0.11300214523405,-0.150487618707617,0.221256358175431,0.049925713440831,0.0861669764639876,-0.0918063503194012,0.191657777201063,140,n_ChokepointShippingRisk_EventOnset,WorldCP,World crude-oil production,gpr_plus_poisson_event_residual_level_lp,World
1,-0.189653381004054,0.115094085042394,-0.378966304226697,-0.000340457781411341,0.170240303574356,0.186414903179331,-0.136384926037975,0.476865533186687,139,n_ChokepointShippingRisk_EventOnset,WorldCP,World crude-oil production,gpr_plus_poisson_event_residual_level_lp,World
2,-0.23634332365834,0.164827580425186,-0.507460567142342,0.0347739198256624,-0.2058455422811,0.14657268829866,-0.446936160241179,0.0352450756789786,138,n_ChokepointShippingRisk_EventOnset,WorldCP,World crude-oil production,gpr_plus_poisson_event_residual_level_lp,World
3,-0.0142025930288622,0.244791770285062,-0.416849224230117,0.388444038172393,-0.179961685780901,0.159532091289265,-0.442368624753202,0.0824452531913997,137,n_ChokepointShippingRisk_EventOnset,WorldCP,World crude-oil production,gpr_plus_poisson_event_residual_level_lp,World
4,-0.0142575566097192,0.243850331047558,-0.415355658066612,0.386840544847174,-0.175473666181745,0.214511864503774,-0.5283142845349,0.17736695217141,136,n_ChokepointShippingRisk_EventOnset,WorldCP,World crude-oil production,gpr_plus_poisson_event_residual_level_lp,World
5,0.0760122810855716,0.219041230395641,-0.284278481182612,0.436303043353755,-0.369624610422341,0.289037308516584,-0.845048675660135,0.105799454815454,135,n_ChokepointShippingRisk_EventOnset,WorldCP,World crude-oil production,gpr_plus_poisson_event_residual_level_lp,World
6,0.373602545011272,0.189337210681109,0.0621705473055755,0.685034542716968,-0.121278558633565,0.243269630802092,-0.521421493185532,0.278864375918402,134,n_ChokepointShippingRisk_EventOnset,WorldCP,World crude-oil production,gpr_plus_poisson_event_residual_level_lp,World
7,0.344335716254079,0.140682150658254,0.112934170496516,0.575737262011642,-0.0701854190063203,0.215075684623315,-0.423953438928051,0.28358260091541,133,n_ChokepointShippingRisk_EventOnset,WorldCP,World crude-oil production,gpr_plus_poisson_event_residual_level_lp,World
8,0.226877549568448,0.179549336749377,-0.0684548282004957,0.522209927337391,-0.0595988372147002,0.315886140359934,-0.579185300889439,0.459987626460039,132,n_ChokepointShippingRisk_EventOnset,WorldCP,World crude-oil production,gpr_plus_poisson_event_residual_level_lp,World
9,0.293923709052398,0.20429676961527,-0.0421145734237494,0.629961991528545,-0.239235285041549,0.263383471086734,-0.672462542737632,0.193991972654534,131,n_ChokepointShippingRisk_EventOnset,WorldCP,World crude-oil production,gpr_plus_poisson_event_residual_level_lp,World
10,0.228538147351875,0.196454650906684,-0.0946009977234696,0.551677292427221,-0.300157546729348,0.224614003884939,-0.669614705683582,0.0692996122248854,130,n_ChokepointShippingRisk_EventOnset,WorldCP,World crude-oil production,gpr_plus_poisson_event_residual_level_lp,World
11,0.227629932481263,0.265514870579242,-0.209103165400553,0.664363030363079,-0.262421574869313,0.204392323083858,-0.598617028814834,0.073773879076208,129,n_ChokepointShippingRisk_EventOnset,WorldCP,World crude-oil production,gpr_plus_poisson_event_residual_level_lp,World
12,0.0858154731405911,0.331634346940457,-0.459674485246103,0.631305431527285,-0.17684148030904,0.193564628447011,-0.49522696145962,0.141544000841539,128,n_ChokepointShippingRisk_EventOnset,WorldCP,World crude-oil production,gpr_plus_poisson_event_residual_level_lp,World
0,-0.891580752353466,1.35441634037973,-3.11939738222941,1.33623587752248,0.764616870011024,1.39656550081721,-1.53252895928347,3.06176269930552,140,n_EnergySanction_EventOnset,Real_Brent,Brent crude oil price,gpr_plus_poisson_event_residual_level_lp,World
1,-2.27655634862824,2.02443349941809,-5.60645313266815,1.05334043541166,0.81828147210957,1.91886676480165,-2.33797348561107,3.97453642983021,139,n_EnergySanction_EventOnset,Real_Brent,Brent crude oil price,gpr_plus_poisson_event_residual_level_lp,World
2,-1.28949688658947,1.81241263367927,-4.27065038062949,1.69165660745055,2.15637779897104,2.50211391441456,-1.95923334819948,6.27198894614157,138,n_EnergySanction_EventOnset,Real_Brent,Brent crude oil price,gpr_plus_poisson_event_residual_level_lp,World
3,1.65082756821551,2.05844222153475,-1.73500858574597,5.03666372217699,3.26151288885821,1.98546307990558,-0.00428325930272511,6.52730903701914,137,n_EnergySanction_EventOnset,Real_Brent,Brent crude oil price,gpr_plus_poisson_event_residual_level_lp,World
4,2.42949384668655,2.83970538468643,-2.24140585478855,7.10039354816166,2.58456583026389,2.78801999136306,-2.00131896454285,7.17045062507063,136,n_EnergySanction_EventOnset,Real_Brent,Brent crude oil price,gpr_plus_poisson_event_residual_level_lp,World
5,5.19852324191156,3.37630720987544,-0.355007917954461,10.7520544017776,4.43076891422989,2.62598078090672,0.111414902450615,8.75012292600917,135,n_EnergySanction_EventOnset,Real_Brent,Brent crude oil price,gpr_plus_poisson_event_residual_level_lp,World
6,4.57860154259392,3.3926836633653,-1.0018664861915,10.1590695713793,4.03799797208542,2.96904372994156,-0.845644375686477,8.92164031985732,134,n_EnergySanction_EventOnset,Real_Brent,Brent crude oil price,gpr_plus_poisson_event_residual_level_lp,World
7,4.2733422709752,3.90684691856019,-2.15284905296271,10.6995335949131,5.10173480350929,3.6104677787282,-0.836956217323214,11.0404258243418,133,n_EnergySanction_EventOnset,Real_Brent,Brent crude oil price,gpr_plus_poisson_event_residual_level_lp,World
8,3.93300421103925,3.64436996830506,-2.06145094928035,9.92745937135886,2.26342449797609,2.73245710826376,-2.23106748704089,6.75791648299306,132,n_EnergySanction_EventOnset,Real_Brent,Brent crude oil price,gpr_plus_poisson_event_residual_level_lp,World
9,4.2540363872705,3.22587117134515,-1.05204950899476,9.56012228353576,2.30070214188883,2.34262336449254,-1.55257039577798,6.15397467955565,131,n_EnergySanction_EventOnset,Real_Brent,Brent crude oil price,gpr_plus_poisson_event_residual_level_lp,World
10,2.85798852687741,2.45179517465348,-1.17485565869348,6.8908327124483,-0.194182415138848,2.23894704848857,-3.87692258839756,3.48855775811987,130,n_EnergySanction_EventOnset,Real_Brent,Brent crude oil price,gpr_plus_poisson_event_residual_level_lp,World
11,2.26867165454695,1.90070917294945,-0.857716722358898,5.39506003145279,-0.116269158730842,3.00654642318415,-5.06159794750327,4.82905963004158,129,n_EnergySanction_EventOnset,Real_Brent,Brent crude oil price,gpr_plus_poisson_event_residual_level_lp,World
12,2.6497330562039,2.02159731341594,-0.675498617003665,5.97496472941147,-2.41143440724191,4.18527667448958,-9.29560192507149,4.47273311058768,128,n_EnergySanction_EventOnset,Real_Brent,Brent crude oil price,gpr_plus_poisson_event_residual_level_lp,World
0,-0.441155444929116,1.38304003645377,-2.71605386510919,1.83374297525096,0.710910943528124,1.25687913325338,-1.35647125744332,2.77829314449957,140,n_EnergySanction_EventOnset,Real_WTI,WTI crude oil price,gpr_plus_poisson_event_residual_level_lp,World
1,-1.55912007144419,2.12568312176514,-5.05555766402911,1.93731752114074,0.852203038713455,1.74033711238148,-2.01039677270548,3.71480285013239,139,n_EnergySanction_EventOnset,Real_WTI,WTI crude oil price,gpr_plus_poisson_event_residual_level_lp,World
2,-1.14798104122238,1.75688603224296,-4.0378014034976,1.74183932105283,2.02053701303387,2.22049776495284,-1.63185678928645,5.6729308153542,138,n_EnergySanction_EventOnset,Real_WTI,WTI crude oil price,gpr_plus_poisson_event_residual_level_lp,World
3,1.94576027062364,1.9764029096825,-1.30513322368506,5.19665376493235,3.19188802388173,1.79986843200213,0.231367905467563,6.1524081422959,137,n_EnergySanction_EventOnset,Real_WTI,WTI crude oil price,gpr_plus_poisson_event_residual_level_lp,World
4,2.88404820166581,2.74968337175899,-1.63877846534012,7.40687486867174,2.11152349681318,2.54694091926801,-2.07782151187592,6.30086850550227,136,n_EnergySanction_EventOnset,Real_WTI,WTI crude oil price,gpr_plus_poisson_event_residual_level_lp,World
5,5.42498075866322,3.20374600058079,0.155287529776624,10.6946739875498,4.12479438744281,2.34753229917926,0.263447370752072,7.98614140413355,135,n_EnergySanction_EventOnset,Real_WTI,WTI crude oil price,gpr_plus_poisson_event_residual_level_lp,World
6,5.3451800613606,3.11071633255281,0.228507019343932,10.4618531033773,4.28013409584768,2.69709331537937,-0.156189626180638,8.716457817876,134,n_EnergySanction_EventOnset,Real_WTI,WTI crude oil price,gpr_plus_poisson_event_residual_level_lp,World
7,4.52945468998911,3.43498077629512,-1.1205858984085,10.1794952783867,5.1957162181002,3.45000500633072,-0.479037029563614,10.870469465764,133,n_EnergySanction_EventOnset,Real_WTI,WTI crude oil price,gpr_plus_poisson_event_residual_level_lp,World
8,4.03081107183779,3.45336912236789,-1.64947565429125,9.71109779796684,2.29650264984486,2.65265721519712,-2.06673019163111,6.65973549132083,132,n_EnergySanction_EventOnset,Real_WTI,WTI crude oil price,gpr_plus_poisson_event_residual_level_lp,World
9,4.64496561121503,3.04142503742067,-0.357733392687369,9.64766461511743,2.40637410169862,2.4309417218346,-1.59216920636868,6.40491740976593,131,n_EnergySanction_EventOnset,Real_WTI,WTI crude oil price,gpr_plus_poisson_event_residual_level_lp,World
10,3.39928671227756,2.30128491093515,-0.385990120122814,7.18456354467794,0.270771742841265,2.28894346544073,-3.49420521817579,4.03574870385832,130,n_EnergySanction_EventOnset,Real_WTI,WTI crude oil price,gpr_plus_poisson_event_residual_level_lp,World
11,3.02489691424187,1.87690646594775,-0.0623394937209527,6.11213332220469,0.311905627967768,3.05352886158252,-4.71070239500724,5.33451365094278,129,n_EnergySanction_EventOnset,Real_WTI,WTI crude oil price,gpr_plus_poisson_event_residual_level_lp,World
12,2.91151072068878,2.08697438593039,-0.52125666736364,6.34427810874121,-1.84040114707972,4.28636947029332,-8.89085151674575,5.21004922258632,128,n_EnergySanction_EventOnset,Real_WTI,WTI crude oil price,gpr_plus_poisson_event_residual_level_lp,World
0,-0.218563283395335,1.04201316134144,-1.93252241115897,1.49539584436829,0.323046813245735,0.921907350679046,-1.19335583623192,1.83944946272339,140,n_EnergySanction_EventOnset,Real_Gasoline,Gasoline price,gpr_plus_poisson_event_residual_level_lp,World
1,-0.747850480357069,1.77628008387539,-3.66957121880117,2.17387025808704,-0.288281501496679,1.1519400431671,-2.18305425953072,1.60649125653736,139,n_EnergySanction_EventOnset,Real_Gasoline,Gasoline price,gpr_plus_poisson_event_residual_level_lp,World
2,-1.34484284334712,1.3223450434009,-3.5199068840664,0.830221197372162,0.852824082264649,1.19430614855955,-1.11163471788397,2.81728288241327,138,n_EnergySanction_EventOnset,Real_Gasoline,Gasoline price,gpr_plus_poisson_event_residual_level_lp,World
3,0.0848433106264532,1.14059237426558,-1.79126419305747,1.96095081431038,2.11328230140738,1.01494811947806,0.443841205916311,3.78272339689845,137,n_EnergySanction_EventOnset,Real_Gasoline,Gasoline price,gpr_plus_poisson_event_residual_level_lp,World
4,1.28974633614164,1.8680395066437,-1.78290522164988,4.36239789393317,1.41312194844784,1.28242976767866,-0.696287306228938,3.52253120312462,136,n_EnergySanction_EventOnset,Real_Gasoline,Gasoline price,gpr_plus_poisson_event_residual_level_lp,World
5,2.74685695811425,1.98441757267416,-0.517219483685081,6.01093339991358,1.05667131866882,1.43862368919849,-1.30965407432762,3.42299671166526,135,n_EnergySanction_EventOnset,Real_Gasoline,Gasoline price,gpr_plus_poisson_event_residual_level_lp,World
6,2.4320122438324,1.71055951564511,-0.381607779592815,5.24563226725761,1.84526359269769,1.59559833399591,-0.779262114133217,4.46978929952859,134,n_EnergySanction_EventOnset,Real_Gasoline,Gasoline price,gpr_plus_poisson_event_residual_level_lp,World
7,2.14616774422066,1.61377636957233,-0.508258170358966,4.80059365880029,2.94770227231726,1.7731836357951,0.0310747377286971,5.86432980690583,133,n_EnergySanction_EventOnset,Real_Gasoline,Gasoline price,gpr_plus_poisson_event_residual_level_lp,World
8,1.98644429764601,1.85085120559714,-1.05793502082795,5.03082361611996,1.47729823852268,1.80236216998936,-1.48732371386445,4.4419201909098,132,n_EnergySanction_EventOnset,Real_Gasoline,Gasoline price,gpr_plus_poisson_event_residual_level_lp,World
9,2.19508114868824,1.94815649479898,-1.00935112765093,5.39951342502741,0.64859741493675,1.64691454370508,-2.06033594555568,3.35753077542918,131,n_EnergySanction_EventOnset,Real_Gasoline,Gasoline price,gpr_plus_poisson_event_residual_level_lp,World
10,1.55256137874721,1.23923973537101,-0.485806594640188,3.5909293521346,-0.0353965803362872,1.3486747127015,-2.25376907310108,2.18297591242851,130,n_EnergySanction_EventOnset,Real_Gasoline,Gasoline price,gpr_plus_poisson_event_residual_level_lp,World
11,1.00299083555319,1.15698408427805,-0.900078631796688,2.90606030290306,0.424329447872313,1.53774613519619,-2.10503785993575,2.95369675568038,129,n_EnergySanction_EventOnset,Real_Gasoline,Gasoline price,gpr_plus_poisson_event_residual_level_lp,World
12,1.43901251870714,1.01152137284812,-0.224792080161022,3.10281711757531,0.159420901778548,2.53238498691422,-4.00598172878477,4.32482353234187,128,n_EnergySanction_EventOnset,Real_Gasoline,Gasoline price,gpr_plus_poisson_event_residual_level_lp,World
0,0.0926800553935853,0.125398575561012,-0.113582246432493,0.298942357219664,0.00153406133553318,0.10427714190682,-0.169986573738032,0.173054696409099,140,n_EnergySanction_EventOnset,inv_OECD,OECD inventory,gpr_plus_poisson_event_residual_level_lp,World
1,-0.0232714785287409,0.205520851231605,-0.361323196091201,0.314780239033719,-0.0734576503417452,0.121660128900551,-0.273570754619201,0.12665545393571,139,n_EnergySanction_EventOnset,inv_OECD,OECD inventory,gpr_plus_poisson_event_residual_level_lp,World
2,-0.124456826897646,0.17039091978045,-0.404724949298117,0.155811295502824,-0.135700692346514,0.159310678240842,-0.397743439263062,0.126342054570034,138,n_EnergySanction_EventOnset,inv_OECD,OECD inventory,gpr_plus_poisson_event_residual_level_lp,World
3,-0.384915382322294,0.182744370341098,-0.685503122682812,-0.0843276419617765,-0.149607499699955,0.161460554346455,-0.415186478126317,0.115971478726408,137,n_EnergySanction_EventOnset,inv_OECD,OECD inventory,gpr_plus_poisson_event_residual_level_lp,World
4,-0.567366320126016,0.198880034947782,-0.894494866938111,-0.240237773313921,-0.167204857088948,0.263712300036801,-0.600972990276194,0.266563276098299,136,n_EnergySanction_EventOnset,inv_OECD,OECD inventory,gpr_plus_poisson_event_residual_level_lp,World
5,-0.691335122471582,0.226287213173441,-1.06354446579266,-0.319125779150507,-0.322672550748154,0.24162446558908,-0.720109429332565,0.0747643278362559,135,n_EnergySanction_EventOnset,inv_OECD,OECD inventory,gpr_plus_poisson_event_residual_level_lp,World
6,-0.642062268040462,0.230378595712185,-1.02100133676964,-0.263123199311287,-0.331452873241701,0.308842570159831,-0.839453694926115,0.176547948442712,134,n_EnergySanction_EventOnset,inv_OECD,OECD inventory,gpr_plus_poisson_event_residual_level_lp,World
7,-0.493961112216516,0.22291729213665,-0.860627428697686,-0.127294795735346,-0.500991164647052,0.373048427070634,-1.11460122294273,0.112618893648622,133,n_EnergySanction_EventOnset,inv_OECD,OECD inventory,gpr_plus_poisson_event_residual_level_lp,World
8,-0.289855017748508,0.213561194996052,-0.641131923913855,0.0614218884168387,-0.522701506398558,0.345149597587619,-1.09042207383139,0.0450190610342786,132,n_EnergySanction_EventOnset,inv_OECD,OECD inventory,gpr_plus_poisson_event_residual_level_lp,World
9,-0.175024670971711,0.211550868707655,-0.522994884650231,0.17294554270681,-0.56923786941682,0.330227724556037,-1.11241413987275,-0.0260615989608904,131,n_EnergySanction_EventOnset,inv_OECD,OECD inventory,gpr_plus_poisson_event_residual_level_lp,World
10,-0.10994753603091,0.206587838203447,-0.449754290983914,0.229859218922093,-0.382554834242591,0.305968777584513,-0.885828687786385,0.120719019301203,130,n_EnergySanction_EventOnset,inv_OECD,OECD inventory,gpr_plus_poisson_event_residual_level_lp,World
11,0.129313313100543,0.184658303998712,-0.174422567978446,0.433049194179532,-0.00388948815466591,0.350580731144608,-0.580543475317174,0.572764499007842,129,n_EnergySanction_EventOnset,inv_OECD,OECD inventory,gpr_plus_poisson_event_residual_level_lp,World
12,0.32109163782041,0.235881399838742,-0.0668987382347356,0.709082013875556,0.249563486868875,0.354205213914959,-0.333052243924267,0.832179217662016,128,n_EnergySanction_EventOnset,inv_OECD,OECD inventory,gpr_plus_poisson_event_residual_level_lp,World
0,-0.255591160234601,0.198687396000839,-0.582402844176125,0.0712205237069227,-0.145576422504148,0.202188448323447,-0.478146825056661,0.186993980048364,140,n_EnergySanction_EventOnset,inv_USA,U.S. inventory,gpr_plus_poisson_event_residual_level_lp,World
1,-0.0723858876559362,0.28455390742052,-0.540435414339791,0.395663639027919,-0.188389555195166,0.210070853433885,-0.533925360382682,0.15714624999235,139,n_EnergySanction_EventOnset,inv_USA,U.S. inventory,gpr_plus_poisson_event_residual_level_lp,World
2,-0.376163733159223,0.288001790941811,-0.849884523558381,0.0975570572399349,-0.284608510824812,0.22649583569669,-0.657161007659918,0.0879439860102934,138,n_EnergySanction_EventOnset,inv_USA,U.S. inventory,gpr_plus_poisson_event_residual_level_lp,World
3,-0.838940995972018,0.299529025898012,-1.3316224005976,-0.346259591346432,-0.181770603118692,0.268996548935221,-0.62423055227222,0.260689346034836,137,n_EnergySanction_EventOnset,inv_USA,U.S. inventory,gpr_plus_poisson_event_residual_level_lp,World
4,-0.841148784543334,0.281681078073713,-1.30447292745648,-0.377824641630187,-0.201424112571038,0.393272707182639,-0.848300151361426,0.44545192621935,136,n_EnergySanction_EventOnset,inv_USA,U.S. inventory,gpr_plus_poisson_event_residual_level_lp,World
5,-1.13883673155522,0.327469893947,-1.67747677433136,-0.600196688779085,-0.671033211041692,0.403241219701968,-1.33430599380481,-0.00776042827857493,135,n_EnergySanction_EventOnset,inv_USA,U.S. inventory,gpr_plus_poisson_event_residual_level_lp,World
6,-1.24635874867847,0.336895573224596,-1.80050265420085,-0.692214843156102,-0.552983002973137,0.498516168245608,-1.37296913040588,0.267003124459602,134,n_EnergySanction_EventOnset,inv_USA,U.S. inventory,gpr_plus_poisson_event_residual_level_lp,World
7,-1.0788121521035,0.345438402588018,-1.64700776148873,-0.510616542718279,-0.6117489202335,0.61790255233191,-1.62810817453922,0.404610334072214,133,n_EnergySanction_EventOnset,inv_USA,U.S. inventory,gpr_plus_poisson_event_residual_level_lp,World
8,-0.676473385098688,0.339980134935528,-1.23569094313884,-0.117255827058534,-0.732699372258163,0.581686505572814,-1.68948853069833,0.224089786182008,132,n_EnergySanction_EventOnset,inv_USA,U.S. inventory,gpr_plus_poisson_event_residual_level_lp,World
9,-0.367796453808106,0.28457565976045,-0.835881759907189,0.100288852290978,-1.03253054921517,0.493833084293997,-1.84481368902479,-0.220247409405559,131,n_EnergySanction_EventOnset,inv_USA,U.S. inventory,gpr_plus_poisson_event_residual_level_lp,World
10,-0.154858551173517,0.362399404277547,-0.750952525704494,0.441235423357459,-0.483673788704794,0.442646118508003,-1.21176186218867,0.244414284779087,130,n_EnergySanction_EventOnset,inv_USA,U.S. inventory,gpr_plus_poisson_event_residual_level_lp,World
11,0.307596707950867,0.246219175780206,-0.0973977963562067,0.712591212257941,0.173870107529034,0.524052679124301,-0.688119842442209,1.03586005750028,129,n_EnergySanction_EventOnset,inv_USA,U.S. inventory,gpr_plus_poisson_event_residual_level_lp,World
12,0.603451096066908,0.278748685163678,0.144950310267478,1.06195188186634,0.640659072005819,0.57768245107243,-0.309544002866885,1.59086214687852,128,n_EnergySanction_EventOnset,inv_USA,U.S. inventory,gpr_plus_poisson_event_residual_level_lp,World
0,0.0191913423670234,0.0917005286206992,-0.131642604728101,0.170025289462148,-0.0112214614470663,0.08111393710439,-0.144642015089536,0.122199092195403,140,n_EnergySanction_EventOnset,WorldCP,World crude-oil production,gpr_plus_poisson_event_residual_level_lp,World
1,-0.259856830377847,0.112738453946716,-0.445295085249004,-0.07441857550669,-0.0131085522192024,0.144294144848485,-0.250451299721094,0.224234195282689,139,n_EnergySanction_EventOnset,WorldCP,World crude-oil production,gpr_plus_poisson_event_residual_level_lp,World
2,-0.256467052821981,0.163542984308314,-0.525471323723978,0.0125372180800162,-0.0301056725248329,0.127332425617854,-0.239548874630889,0.179337529581223,138,n_EnergySanction_EventOnset,WorldCP,World crude-oil production,gpr_plus_poisson_event_residual_level_lp,World
3,-0.0665271943340432,0.219703765517892,-0.427907729901044,0.294853341232958,-0.155381057554023,0.201520811695597,-0.48685329557773,0.176091180469685,137,n_EnergySanction_EventOnset,WorldCP,World crude-oil production,gpr_plus_poisson_event_residual_level_lp,World
4,-0.0502651941502742,0.223344748258976,-0.417634613384615,0.317104225084066,-0.443963181337025,0.210024640360401,-0.789422972783009,-0.0985033898910418,136,n_EnergySanction_EventOnset,WorldCP,World crude-oil production,gpr_plus_poisson_event_residual_level_lp,World
5,0.0509293171742681,0.208102255626831,-0.291368432770308,0.393227067118844,-0.529363788823115,0.265595520157884,-0.966229543456874,-0.0924980341893562,135,n_EnergySanction_EventOnset,WorldCP,World crude-oil production,gpr_plus_poisson_event_residual_level_lp,World
6,0.225778218526475,0.182910874750202,-0.0750833972152604,0.526639834268211,-0.326971171504531,0.198657173798865,-0.653733144347522,-0.000209198661539511,134,n_EnergySanction_EventOnset,WorldCP,World crude-oil production,gpr_plus_poisson_event_residual_level_lp,World
7,0.222638265342802,0.133550243919883,0.00296766225092826,0.442308868434676,-0.380031465529983,0.154858796672894,-0.634751518902733,-0.125311412157233,133,n_EnergySanction_EventOnset,WorldCP,World crude-oil production,gpr_plus_poisson_event_residual_level_lp,World
8,0.175014289402096,0.157307262032328,-0.0837331310975838,0.433761709901776,-0.382596046321999,0.187931479660759,-0.691715822260355,-0.0734762703836434,132,n_EnergySanction_EventOnset,WorldCP,World crude-oil production,gpr_plus_poisson_event_residual_level_lp,World
9,0.313585138621651,0.192079766469426,-0.0023579619195751,0.629528239162878,-0.159906512137023,0.227182303473821,-0.533588147985128,0.213775123711083,131,n_EnergySanction_EventOnset,WorldCP,World crude-oil production,gpr_plus_poisson_event_residual_level_lp,World
10,0.32966223824283,0.198121371427677,0.00378158187341582,0.655542894612244,0.0623394431377804,0.212837192909384,-0.287746585569389,0.41242547184495,130,n_EnergySanction_EventOnset,WorldCP,World crude-oil production,gpr_plus_poisson_event_residual_level_lp,World
11,0.383143665472025,0.224129042442668,0.0144841971050423,0.751803133839007,0.469328920538244,0.160583119141755,0.205193194590748,0.733464646485739,129,n_EnergySanction_EventOnset,WorldCP,World crude-oil production,gpr_plus_poisson_event_residual_level_lp,World
12,0.248505843614139,0.259397565475853,-0.1781651827812,0.675176870009477,0.580490831785522,0.163807704319737,0.311051135212609,0.849930528358436,128,n_EnergySanction_EventOnset,WorldCP,World crude-oil production,gpr_plus_poisson_event_residual_level_lp,World
0,-1.14540101370751,1.25017172567861,-3.20175051100216,0.910948483587136,-1.52535426700436,1.77324089765237,-4.44207598896655,1.39136745495782,140,n_ProducerRegionRisk_EventOnset,Real_Brent,Brent crude oil price,gpr_plus_poisson_event_residual_level_lp,World
1,-2.45677072185112,1.81768990318258,-5.44660455177405,0.533063108071818,-1.7268700450626,2.30120674804327,-5.51201831094678,2.05827822082157,139,n_ProducerRegionRisk_EventOnset,Real_Brent,Brent crude oil price,gpr_plus_poisson_event_residual_level_lp,World
2,-1.85887963706528,1.69309538167798,-4.6437737163931,0.926014442262537,-3.83078460160583,2.1862975113697,-7.42692399277727,-0.234645210434401,138,n_ProducerRegionRisk_EventOnset,Real_Brent,Brent crude oil price,gpr_plus_poisson_event_residual_level_lp,World
3,1.99198476705724,2.18689311829297,-1.60513431032218,5.58910384443665,-0.859627913735687,2.54903751611861,-5.05242151735876,3.33316568988738,137,n_ProducerRegionRisk_EventOnset,Real_Brent,Brent crude oil price,gpr_plus_poisson_event_residual_level_lp,World
4,3.52989704021332,3.33725311018922,-1.95939584213649,9.01918992256314,2.59138281966061,4.42591276027269,-4.68859583664473,9.87136147596595,136,n_ProducerRegionRisk_EventOnset,Real_Brent,Brent crude oil price,gpr_plus_poisson_event_residual_level_lp,World
5,5.88400755440245,3.57608340695935,0.00187379218437922,11.7661413166205,2.14231078587021,3.42362424350755,-3.48904996838218,7.7736715401226,135,n_ProducerRegionRisk_EventOnset,Real_Brent,Brent crude oil price,gpr_plus_poisson_event_residual_level_lp,World
6,5.09135026219612,3.51337249471846,-0.687633228573077,10.8703337529653,1.0151267384857,3.24261649004136,-4.31850275597149,6.34875623294289,134,n_ProducerRegionRisk_EventOnset,Real_Brent,Brent crude oil price,gpr_plus_poisson_event_residual_level_lp,World
7,5.21659464463366,4.11833551112798,-1.55746445784825,11.9906537471156,2.1945075124251,3.83400495686147,-4.11186944661841,8.50088447146862,133,n_ProducerRegionRisk_EventOnset,Real_Brent,Brent crude oil price,gpr_plus_poisson_event_residual_level_lp,World
8,4.93673066174819,3.95922388606265,-1.57561310715487,11.4490744306512,1.74036337228336,4.15572814289898,-5.09520113618833,8.57592788075505,132,n_ProducerRegionRisk_EventOnset,Real_Brent,Brent crude oil price,gpr_plus_poisson_event_residual_level_lp,World
9,4.98156232905504,3.40149140493398,-0.613393145394877,10.576517803505,0.568074566635821,4.288485109963,-6.48585572061421,7.62200485388585,131,n_ProducerRegionRisk_EventOnset,Real_Brent,Brent crude oil price,gpr_plus_poisson_event_residual_level_lp,World
10,3.37688651101746,2.60180289649675,-0.902698419898068,7.65647144193299,-1.12782119266384,4.50403692990021,-8.53630267273358,6.2806602874059,130,n_ProducerRegionRisk_EventOnset,Real_Brent,Brent crude oil price,gpr_plus_poisson_event_residual_level_lp,World
11,2.73257717830196,1.97270365617716,-0.51223158546148,5.9773859420654,-0.864362559576985,3.35296461189594,-6.37949856249395,4.65077344333998,129,n_ProducerRegionRisk_EventOnset,Real_Brent,Brent crude oil price,gpr_plus_poisson_event_residual_level_lp,World
12,2.38901110690058,2.10129023582773,-1.06730375877837,5.84532597257953,-5.08634690744786,3.44737511593637,-10.7567743703581,0.584080555462331,128,n_ProducerRegionRisk_EventOnset,Real_Brent,Brent crude oil price,gpr_plus_poisson_event_residual_level_lp,World
0,-0.5357045238482,1.30237162404773,-2.67791521330179,1.60650616560539,-0.786631405655727,1.88242062072991,-3.88293779111157,2.30967497980011,140,n_ProducerRegionRisk_EventOnset,Real_WTI,WTI crude oil price,gpr_plus_poisson_event_residual_level_lp,World
1,-1.77823511904226,1.94159249762509,-4.97187058082265,1.41540034273813,-1.81547101897295,2.34122073948881,-5.66643644381512,2.03549440586923,139,n_ProducerRegionRisk_EventOnset,Real_WTI,WTI crude oil price,gpr_plus_poisson_event_residual_level_lp,World
2,-1.56328047989965,1.69358666382561,-4.34898264644985,1.22242168665056,-3.11800786765988,2.14255024287232,-6.64218940557418,0.406173670254422,138,n_ProducerRegionRisk_EventOnset,Real_WTI,WTI crude oil price,gpr_plus_poisson_event_residual_level_lp,World
3,2.34256110059323,2.11398182071172,-1.13462956451392,5.81975176570039,-0.628229110406325,2.41934649880167,-4.60769997381261,3.35124175299996,137,n_ProducerRegionRisk_EventOnset,Real_WTI,WTI crude oil price,gpr_plus_poisson_event_residual_level_lp,World
4,3.87536490239386,3.23368554871806,-1.44357450083561,9.19430430562333,2.16780351032868,4.27478016933081,-4.86358415561533,9.1991911762727,136,n_ProducerRegionRisk_EventOnset,Real_WTI,WTI crude oil price,gpr_plus_poisson_event_residual_level_lp,World
5,5.93026294162482,3.36243862403096,0.399543575485776,11.4609823077639,1.59990504006237,2.93192335553644,-3.22267972523547,6.4224898053602,135,n_ProducerRegionRisk_EventOnset,Real_WTI,WTI crude oil price,gpr_plus_poisson_event_residual_level_lp,World
6,5.75994524906864,3.13215893572954,0.608002263445441,10.9118882346918,0.945311140575614,2.94378105401721,-3.89677780307562,5.78740008422684,134,n_ProducerRegionRisk_EventOnset,Real_WTI,WTI crude oil price,gpr_plus_poisson_event_residual_level_lp,World
7,5.40006278551629,3.56377215543449,-0.461820769978799,11.2619463410114,2.28402880808607,3.65443854925866,-3.72698769413331,8.29504531030545,133,n_ProducerRegionRisk_EventOnset,Real_WTI,WTI crude oil price,gpr_plus_poisson_event_residual_level_lp,World
8,5.12157752335383,3.66180437131053,-0.901554677983064,11.1447097246907,2.52262328319915,3.64301816969196,-3.46960836626879,8.51485493266709,132,n_ProducerRegionRisk_EventOnset,Real_WTI,WTI crude oil price,gpr_plus_poisson_event_residual_level_lp,World
9,5.2691728297736,3.16286103958581,0.0667293772673752,10.4716162822798,0.770348750002443,3.69698195038746,-5.3106454198665,6.85134291987138,131,n_ProducerRegionRisk_EventOnset,Real_WTI,WTI crude oil price,gpr_plus_poisson_event_residual_level_lp,World
10,3.75062690192814,2.37920351369257,-0.162814626824763,7.66406843068104,-1.09016718898916,3.94844182445083,-7.584776044744,5.40444166676568,130,n_ProducerRegionRisk_EventOnset,Real_WTI,WTI crude oil price,gpr_plus_poisson_event_residual_level_lp,World
11,3.52972123561771,2.01250519828105,0.219444760966425,6.83999771026899,0.00415657388229987,3.01803989674181,-4.96007729655771,4.96839044432231,129,n_ProducerRegionRisk_EventOnset,Real_WTI,WTI crude oil price,gpr_plus_poisson_event_residual_level_lp,World
12,2.77314798115812,2.24822811700967,-0.924858191319515,6.47115415363576,-4.22560178237461,3.44640125404474,-9.89442738502021,1.44322382027099,128,n_ProducerRegionRisk_EventOnset,Real_WTI,WTI crude oil price,gpr_plus_poisson_event_residual_level_lp,World
0,-0.268064676065534,1.03878753663228,-1.97671812332712,1.44058877119605,-0.012675211749003,1.39589809757237,-2.30872326039557,2.28337283689757,140,n_ProducerRegionRisk_EventOnset,Real_Gasoline,Gasoline price,gpr_plus_poisson_event_residual_level_lp,World
1,-0.908288214772296,1.71361369924097,-3.72693192316254,1.91035549361794,-0.818471931108151,1.61340445403915,-3.4722860990741,1.8353422368578,139,n_ProducerRegionRisk_EventOnset,Real_Gasoline,Gasoline price,gpr_plus_poisson_event_residual_level_lp,World
2,-1.72775718239804,1.27294838858963,-3.82157095629174,0.366056591495651,-2.09122439212429,1.1211389019997,-3.93533378139488,-0.247115002853693,138,n_ProducerRegionRisk_EventOnset,Real_Gasoline,Gasoline price,gpr_plus_poisson_event_residual_level_lp,World
3,0.262304766044435,1.21690206367635,-1.73932100703834,2.26393053912721,-0.0523730254478675,1.21905579247116,-2.05754136715026,1.95279531625452,137,n_ProducerRegionRisk_EventOnset,Real_Gasoline,Gasoline price,gpr_plus_poisson_event_residual_level_lp,World
4,1.68828377008827,2.08816535567312,-1.74644258886506,5.12301012904161,1.36525306420564,2.27536854610472,-2.377395141506,5.10790126991729,136,n_ProducerRegionRisk_EventOnset,Real_Gasoline,Gasoline price,gpr_plus_poisson_event_residual_level_lp,World
5,2.93604569320749,2.08226577489102,-0.488976718898924,6.3610681053139,0.841908191879172,2.00397972657655,-2.45434512971749,4.13816151347583,135,n_ProducerRegionRisk_EventOnset,Real_Gasoline,Gasoline price,gpr_plus_poisson_event_residual_level_lp,World
6,2.91490211326236,1.66454070068736,0.176976304528409,5.65282792199631,1.46306092443071,1.76976677035482,-1.44794636664561,4.37406821550703,134,n_ProducerRegionRisk_EventOnset,Real_Gasoline,Gasoline price,gpr_plus_poisson_event_residual_level_lp,World
7,2.59108015604407,1.65148400852926,-0.125369305237638,5.30752961732578,1.12224517644601,1.98500489990927,-2.1427973326862,4.38728768557823,133,n_ProducerRegionRisk_EventOnset,Real_Gasoline,Gasoline price,gpr_plus_poisson_event_residual_level_lp,World
8,2.56987009409428,1.92683254557356,-0.599487407020531,5.73922759520909,1.36244396540591,1.8643314487839,-1.70410837996599,4.4289963107778,132,n_ProducerRegionRisk_EventOnset,Real_Gasoline,Gasoline price,gpr_plus_poisson_event_residual_level_lp,World
9,2.22397442313145,2.07064926598625,-1.18194053217043,5.62988937843334,-1.15950184587617,2.36557949304628,-5.05053385485537,2.73153016310303,131,n_ProducerRegionRisk_EventOnset,Real_Gasoline,Gasoline price,gpr_plus_poisson_event_residual_level_lp,World
10,1.59013152923226,1.21283604611063,-0.404806240110291,3.58506929857481,-1.43678595773903,2.55536449091047,-5.63998650879613,2.76641459331806,130,n_ProducerRegionRisk_EventOnset,Real_Gasoline,Gasoline price,gpr_plus_poisson_event_residual_level_lp,World
11,1.18722075036058,1.29500258634664,-0.942868950703235,3.3173104514244,0.107993216772149,1.97470313486844,-3.14010439676864,3.35609083031294,129,n_ProducerRegionRisk_EventOnset,Real_Gasoline,Gasoline price,gpr_plus_poisson_event_residual_level_lp,World
12,1.36826647735082,1.20142252647232,-0.607897722818382,3.34443067752003,-1.22876687510708,2.04695598392256,-4.59570984947212,2.13817609925796,128,n_ProducerRegionRisk_EventOnset,Real_Gasoline,Gasoline price,gpr_plus_poisson_event_residual_level_lp,World
0,0.0980970088610398,0.131745504980829,-0.118605062841231,0.314799080563311,0.0704692833362507,0.231201496533951,-0.309823336794228,0.450761903466729,140,n_ProducerRegionRisk_EventOnset,inv_OECD,OECD inventory,gpr_plus_poisson_event_residual_level_lp,World
1,-0.0615183007356961,0.226051045495578,-0.43333918279527,0.310302581323878,-0.0777818201730052,0.420031815074525,-0.768672674633348,0.613109034287337,139,n_ProducerRegionRisk_EventOnset,inv_OECD,OECD inventory,gpr_plus_poisson_event_residual_level_lp,World
2,-0.121656700188765,0.185859926471385,-0.427369074350157,0.184055673972627,0.115545232047629,0.304505989959944,-0.385322549966433,0.616413014061691,138,n_ProducerRegionRisk_EventOnset,inv_OECD,OECD inventory,gpr_plus_poisson_event_residual_level_lp,World
3,-0.369108098670446,0.196897532426617,-0.692975719020162,-0.0452404783207296,0.251205705577461,0.272834893942351,-0.197567759282536,0.699979170437457,137,n_ProducerRegionRisk_EventOnset,inv_OECD,OECD inventory,gpr_plus_poisson_event_residual_level_lp,World
4,-0.641199402340156,0.236609013568269,-1.03038659647733,-0.252012208202978,-0.0790887425985728,0.355090880144525,-0.663161264701686,0.50498377950454,136,n_ProducerRegionRisk_EventOnset,inv_OECD,OECD inventory,gpr_plus_poisson_event_residual_level_lp,World
5,-0.867289774256898,0.260910238312912,-1.29644892605466,-0.438130622459132,-0.534614442205836,0.453150557953875,-1.27998078101135,0.210751896599679,135,n_ProducerRegionRisk_EventOnset,inv_OECD,OECD inventory,gpr_plus_poisson_event_residual_level_lp,World
6,-0.848555824981581,0.249277055330853,-1.25858009355832,-0.438531556404846,-0.672405916819504,0.375335643000085,-1.28977811053236,-0.0550337231066507,134,n_ProducerRegionRisk_EventOnset,inv_OECD,OECD inventory,gpr_plus_poisson_event_residual_level_lp,World
7,-0.565882059279844,0.243185263575887,-0.965886222093792,-0.165877896465896,-0.140871538257626,0.37488027937802,-0.757494725465143,0.475751648949892,133,n_ProducerRegionRisk_EventOnset,inv_OECD,OECD inventory,gpr_plus_poisson_event_residual_level_lp,World
8,-0.369375817358795,0.240515012414509,-0.764987807865078,0.0262361731474874,-0.0706608568270821,0.425093068972222,-0.769876733117973,0.628555019463809,132,n_ProducerRegionRisk_EventOnset,inv_OECD,OECD inventory,gpr_plus_poisson_event_residual_level_lp,World
9,-0.296062725549525,0.229810396272874,-0.674067189370117,0.0819417382710677,-0.454633857154347,0.265713766646432,-0.891694109953668,-0.0175736043550256,131,n_ProducerRegionRisk_EventOnset,inv_OECD,OECD inventory,gpr_plus_poisson_event_residual_level_lp,World
10,-0.142408211614185,0.241028521563677,-0.53886484950695,0.254048426278581,-0.0170658303234851,0.259976342962652,-0.444688860967184,0.410557200320213,130,n_ProducerRegionRisk_EventOnset,inv_OECD,OECD inventory,gpr_plus_poisson_event_residual_level_lp,World
11,0.18532975723212,0.208929265019856,-0.158328302112096,0.528987816576336,0.473726528166298,0.213711786424089,0.122201921144357,0.825251135188239,129,n_ProducerRegionRisk_EventOnset,inv_OECD,OECD inventory,gpr_plus_poisson_event_residual_level_lp,World
12,0.404818618072281,0.254377520414913,-0.0135951689971114,0.823232405141674,0.6061790550422,0.278728347960285,0.147711720965534,1.06464638911887,128,n_ProducerRegionRisk_EventOnset,inv_OECD,OECD inventory,gpr_plus_poisson_event_residual_level_lp,World
0,-0.180100978196482,0.218629455124848,-0.539714430417012,0.179512474024048,0.368111440252286,0.359225221358512,-0.222761467991708,0.95898434849628,140,n_ProducerRegionRisk_EventOnset,inv_USA,U.S. inventory,gpr_plus_poisson_event_residual_level_lp,World
1,-0.134031880418553,0.335697405164108,-0.686204974860934,0.418141214023828,-0.139485226986584,0.790535948267607,-1.43980114873008,1.16083069475691,139,n_ProducerRegionRisk_EventOnset,inv_USA,U.S. inventory,gpr_plus_poisson_event_residual_level_lp,World
2,-0.375718363764048,0.335585480199113,-0.92770735802181,0.176270630493715,0.148269805349106,0.501045422918239,-0.675876575805393,0.972416186503605,138,n_ProducerRegionRisk_EventOnset,inv_USA,U.S. inventory,gpr_plus_poisson_event_residual_level_lp,World
3,-0.81743397977158,0.342421626997078,-1.38066743488435,-0.254200524658811,0.40979990605625,0.427955554284561,-0.294124339582738,1.11372415169524,137,n_ProducerRegionRisk_EventOnset,inv_USA,U.S. inventory,gpr_plus_poisson_event_residual_level_lp,World
4,-0.943154690481614,0.359098589172001,-1.53381930731434,-0.352490073648891,-0.0174193470512725,0.59870121943609,-1.00219521930099,0.96735652519845,136,n_ProducerRegionRisk_EventOnset,inv_USA,U.S. inventory,gpr_plus_poisson_event_residual_level_lp,World
5,-1.33087916834786,0.396816656229597,-1.98358448458187,-0.678173852113851,-0.602199381201308,0.727030035500872,-1.79805737199757,0.593658609594958,135,n_ProducerRegionRisk_EventOnset,inv_USA,U.S. inventory,gpr_plus_poisson_event_residual_level_lp,World
6,-1.49600900352006,0.370439223514364,-2.10532730388275,-0.886690703157376,-0.83079719326363,0.627093111343148,-1.86227357189269,0.20067918536543,134,n_ProducerRegionRisk_EventOnset,inv_USA,U.S. inventory,gpr_plus_poisson_event_residual_level_lp,World
7,-1.21027777651462,0.382786198096326,-1.83990504280033,-0.580650510228913,-0.379633649634983,0.650080836561524,-1.44892147146485,0.689654172194887,133,n_ProducerRegionRisk_EventOnset,inv_USA,U.S. inventory,gpr_plus_poisson_event_residual_level_lp,World
8,-0.751129342903867,0.385234111818458,-1.38478306895389,-0.117475616853848,-0.0538643932776592,0.685590289147952,-1.18156006698538,1.07383128043006,132,n_ProducerRegionRisk_EventOnset,inv_USA,U.S. inventory,gpr_plus_poisson_event_residual_level_lp,World
9,-0.508027645898969,0.317647005375696,-1.03051047478146,0.0144551829835179,-0.53906682440482,0.43748979805185,-1.25867350548467,0.180539856675032,131,n_ProducerRegionRisk_EventOnset,inv_USA,U.S. inventory,gpr_plus_poisson_event_residual_level_lp,World
10,-0.204872836174633,0.41473359149514,-0.887048888364024,0.477303216014758,0.169144272855,0.5265230350697,-0.696909051052894,1.03519759676289,130,n_ProducerRegionRisk_EventOnset,inv_USA,U.S. inventory,gpr_plus_poisson_event_residual_level_lp,World
11,0.284643144867473,0.278207203213734,-0.172966982382663,0.742253272117609,0.466630290038778,0.356231195408001,-0.119317883761331,1.05257846383889,129,n_ProducerRegionRisk_EventOnset,inv_USA,U.S. inventory,gpr_plus_poisson_event_residual_level_lp,World
12,0.681837423515962,0.308992882526402,0.17358935999022,1.1900854870417,0.926529381237399,0.369474231241954,0.318798351913964,1.53426041056083,128,n_ProducerRegionRisk_EventOnset,inv_USA,U.S. inventory,gpr_plus_poisson_event_residual_level_lp,World
0,-0.0278446534030719,0.0819184734042671,-0.162588551496408,0.106899244690265,-0.125431786588706,0.158474715031829,-0.386099496388911,0.1352359232115,140,n_ProducerRegionRisk_EventOnset,WorldCP,World crude-oil production,gpr_plus_poisson_event_residual_level_lp,World
1,-0.201348822065218,0.108139700731768,-0.379222801031314,-0.0234748430991232,0.340035350273151,0.262229176146016,-0.0912932612031197,0.771363961749422,139,n_ProducerRegionRisk_EventOnset,WorldCP,World crude-oil production,gpr_plus_poisson_event_residual_level_lp,World
2,-0.288514705258149,0.165885710575571,-0.5613724179578,-0.0156569925584985,-0.0733741733341433,0.286808275312157,-0.545131805221041,0.398383458552754,138,n_ProducerRegionRisk_EventOnset,WorldCP,World crude-oil production,gpr_plus_poisson_event_residual_level_lp,World
3,-0.0597440113373972,0.237735922930823,-0.450784806426818,0.331296783752023,-0.084890436053402,0.358802525049106,-0.675068070739771,0.505287198632967,137,n_ProducerRegionRisk_EventOnset,WorldCP,World crude-oil production,gpr_plus_poisson_event_residual_level_lp,World
4,0.116439909140112,0.28462842378362,-0.351732186053855,0.58461200433408,0.328195542771894,0.297548056712515,-0.161227457504048,0.817618543047836,136,n_ProducerRegionRisk_EventOnset,WorldCP,World crude-oil production,gpr_plus_poisson_event_residual_level_lp,World
5,0.260794358560259,0.234613416993931,-0.125110371313687,0.646699088434205,0.46333903788234,0.320066568677135,-0.0631236184721591,0.989801694236838,135,n_ProducerRegionRisk_EventOnset,WorldCP,World crude-oil production,gpr_plus_poisson_event_residual_level_lp,World
6,0.453887497944642,0.179508453408727,0.158622367286848,0.749152628602435,0.526928722184359,0.275362701143877,0.0739973844806993,0.979860059888019,134,n_ProducerRegionRisk_EventOnset,WorldCP,World crude-oil production,gpr_plus_poisson_event_residual_level_lp,World
7,0.413294593242536,0.158014030193146,0.15338464257012,0.673204543914952,0.312075712998456,0.274391324442843,-0.139257852215373,0.763409278212285,133,n_ProducerRegionRisk_EventOnset,WorldCP,World crude-oil production,gpr_plus_poisson_event_residual_level_lp,World
8,0.423223822874901,0.13898348052007,0.194616340855125,0.651831304894678,0.459311412360173,0.335355249217654,-0.0922988856326995,1.01092171035305,132,n_ProducerRegionRisk_EventOnset,WorldCP,World crude-oil production,gpr_plus_poisson_event_residual_level_lp,World
9,0.595571424029873,0.163357704123198,0.326871911912365,0.86427093614738,0.903798200492726,0.355026212313955,0.319832047505273,1.48776435348018,131,n_ProducerRegionRisk_EventOnset,WorldCP,World crude-oil production,gpr_plus_poisson_event_residual_level_lp,World
10,0.551370005521857,0.192554591644962,0.234645887068481,0.868094123975232,0.955813152769736,0.314308458823937,0.438821744291655,1.47280456124782,130,n_ProducerRegionRisk_EventOnset,WorldCP,World crude-oil production,gpr_plus_poisson_event_residual_level_lp,World
11,0.517513849622967,0.246302430925496,0.112382402788201,0.922645296457732,0.747980676252545,0.285931596646639,0.277665052448295,1.2182963000568,129,n_ProducerRegionRisk_EventOnset,WorldCP,World crude-oil production,gpr_plus_poisson_event_residual_level_lp,World
12,0.319579613815961,0.291846921853533,-0.160465854109445,0.799625081741368,0.600488073197925,0.22929315965895,0.223334387897739,0.977641758498112,128,n_ProducerRegionRisk_EventOnset,WorldCP,World crude-oil production,gpr_plus_poisson_event_residual_level_lp,World
