h,beta_gpr,se_gpr,lb_gpr,ub_gpr,beta_event,se_event,lb_event,ub_event,nobs,impulse,outcome,outcome_label,specification,gpr_test_series
0,-0.697550668896591,1.32847716876337,-2.88270115825925,1.48759982046607,0.808784782743251,2.58292740968679,-3.43975273523245,5.05732230071895,140,n_OilSpecificThreatShock_EventOnset,Real_Brent,Brent crude oil price,gpr_plus_poisson_event_residual_with_current_rawN_control,World
1,-1.19396722790565,1.97702845594504,-4.44588965425312,2.05795519844182,3.26823380346564,2.33823342380779,-0.577817924343757,7.11428553127503,139,n_OilSpecificThreatShock_EventOnset,Real_Brent,Brent crude oil price,gpr_plus_poisson_event_residual_with_current_rawN_control,World
2,-0.655685396088292,1.8018782901548,-3.61951143697454,2.30814064479796,2.70198574585272,2.96839066036249,-2.18058239805339,7.58455388975883,138,n_OilSpecificThreatShock_EventOnset,Real_Brent,Brent crude oil price,gpr_plus_poisson_event_residual_with_current_rawN_control,World
3,3.09283887230005,2.23871877155566,-0.589525818817622,6.77520356341772,5.69743870187762,3.90940502943222,-0.732960340006294,12.1278377437615,137,n_OilSpecificThreatShock_EventOnset,Real_Brent,Brent crude oil price,gpr_plus_poisson_event_residual_with_current_rawN_control,World
4,3.83192401156222,3.21410622314415,-1.45481026698374,9.11865829010817,4.87750916135203,3.80725663960002,-1.38487073102913,11.1398890537332,136,n_OilSpecificThreatShock_EventOnset,Real_Brent,Brent crude oil price,gpr_plus_poisson_event_residual_with_current_rawN_control,World
5,6.5731044451365,3.68327599295842,0.514654569055558,12.6315543212174,6.3396918477597,4.59648537082715,-1.22085378567472,13.9002374811941,135,n_OilSpecificThreatShock_EventOnset,Real_Brent,Brent crude oil price,gpr_plus_poisson_event_residual_with_current_rawN_control,World
6,5.54678079691453,3.60449049625605,-0.382078469164345,11.4756400629934,3.96123947211852,4.66771772088326,-3.71647295066197,11.638951894899,134,n_OilSpecificThreatShock_EventOnset,Real_Brent,Brent crude oil price,gpr_plus_poisson_event_residual_with_current_rawN_control,World
7,6.46064895425557,4.40743130759617,-0.788930417583466,13.7102283260946,9.21985331948166,5.10946120282768,0.815537528242714,17.6241691107206,133,n_OilSpecificThreatShock_EventOnset,Real_Brent,Brent crude oil price,gpr_plus_poisson_event_residual_with_current_rawN_control,World
8,5.96134101383018,4.01579857533783,-0.644059837920798,12.5667418655812,8.0496794560255,5.24944965239541,-0.584896844216232,16.6842557562672,132,n_OilSpecificThreatShock_EventOnset,Real_Brent,Brent crude oil price,gpr_plus_poisson_event_residual_with_current_rawN_control,World
9,5.83471115418752,3.22452581506589,0.530838172077737,11.1385841362973,6.10131211373234,5.28158257577497,-2.58611814207481,14.7887423695395,131,n_OilSpecificThreatShock_EventOnset,Real_Brent,Brent crude oil price,gpr_plus_poisson_event_residual_with_current_rawN_control,World
10,3.97182900566851,2.25980429506054,0.254781714737666,7.68887629659936,3.00478296221268,4.76518512458611,-4.83324907305799,10.8428149974833,130,n_OilSpecificThreatShock_EventOnset,Real_Brent,Brent crude oil price,gpr_plus_poisson_event_residual_with_current_rawN_control,World
11,3.22664123448463,1.45009833875141,0.841441722553067,5.61184074641619,2.22459217880495,3.29749461578495,-3.19930379982187,7.64848815743178,129,n_OilSpecificThreatShock_EventOnset,Real_Brent,Brent crude oil price,gpr_plus_poisson_event_residual_with_current_rawN_control,World
12,3.00296374025233,1.87239130230135,-0.0768458844104338,6.08277336491508,-1.29400523267222,2.82289181178925,-5.93724906778538,3.34923860244095,128,n_OilSpecificThreatShock_EventOnset,Real_Brent,Brent crude oil price,gpr_plus_poisson_event_residual_with_current_rawN_control,World
0,0.0596897837986492,1.37365456896589,-2.19977091614336,2.31915048374066,1.88600319217232,2.70112240771384,-2.55694779699569,6.32895418134032,140,n_OilSpecificThreatShock_EventOnset,Real_WTI,WTI crude oil price,gpr_plus_poisson_event_residual_with_current_rawN_control,World
1,-0.346135123096234,2.11264543517213,-3.82112762960158,3.12885738340912,3.77209655494759,2.46904275951437,-0.289117383137903,7.83331049303308,139,n_OilSpecificThreatShock_EventOnset,Real_WTI,WTI crude oil price,gpr_plus_poisson_event_residual_with_current_rawN_control,World
2,-0.404035638996139,1.787462422066,-3.34414968697086,2.53607840897858,3.35301534040296,2.99010535762033,-1.56527030204587,8.27130098285178,138,n_OilSpecificThreatShock_EventOnset,Real_WTI,WTI crude oil price,gpr_plus_poisson_event_residual_with_current_rawN_control,World
3,3.38012818212629,2.15160470784964,-0.15894662534605,6.91920298959862,5.89318462948932,3.9104868005305,-0.538993767509133,12.3253630264878,137,n_OilSpecificThreatShock_EventOnset,Real_WTI,WTI crude oil price,gpr_plus_poisson_event_residual_with_current_rawN_control,World
4,4.00812834860714,3.08319255789646,-1.06327211283863,9.07952881005292,3.79236293703493,3.69103014398843,-2.27884138249166,9.86356725656151,136,n_OilSpecificThreatShock_EventOnset,Real_WTI,WTI crude oil price,gpr_plus_poisson_event_residual_with_current_rawN_control,World
5,6.55249358994568,3.46717134763093,0.849504223532717,12.2554829563586,5.71553505352742,4.25603636925513,-1.28502180487926,12.7160919119341,135,n_OilSpecificThreatShock_EventOnset,Real_WTI,WTI crude oil price,gpr_plus_poisson_event_residual_with_current_rawN_control,World
6,6.11164611712807,3.19965623337227,0.8486799566678,11.3746122775883,3.57076733746169,4.1845964867637,-3.31228137111996,10.4538160460433,134,n_OilSpecificThreatShock_EventOnset,Real_WTI,WTI crude oil price,gpr_plus_poisson_event_residual_with_current_rawN_control,World
7,6.49477604959065,3.79306804660227,0.255734315863169,12.7338177833181,8.86577627712774,4.83391201292408,0.914698570305275,16.8168539839502,133,n_OilSpecificThreatShock_EventOnset,Real_WTI,WTI crude oil price,gpr_plus_poisson_event_residual_with_current_rawN_control,World
8,5.8194921764343,3.67553874497984,-0.226231059246456,11.8652154121151,7.53952661456333,5.08503092267672,-0.824604941761874,15.9036581708885,132,n_OilSpecificThreatShock_EventOnset,Real_WTI,WTI crude oil price,gpr_plus_poisson_event_residual_with_current_rawN_control,World
9,6.05413943184629,2.94571421528793,1.20887072086743,10.8994081428252,5.86952807491085,4.84528714360055,-2.10026005686185,13.8393162066836,131,n_OilSpecificThreatShock_EventOnset,Real_WTI,WTI crude oil price,gpr_plus_poisson_event_residual_with_current_rawN_control,World
10,4.3045668837492,2.01654188625668,0.987650648240333,7.62148311925806,2.7019318347372,4.16102513120219,-4.14234544415695,9.54620911363136,130,n_OilSpecificThreatShock_EventOnset,Real_WTI,WTI crude oil price,gpr_plus_poisson_event_residual_with_current_rawN_control,World
11,3.92515312551067,1.53844178408453,1.39464157710553,6.4556646739158,2.58924124306929,2.96772690119407,-2.29223511416122,7.47071760029981,129,n_OilSpecificThreatShock_EventOnset,Real_WTI,WTI crude oil price,gpr_plus_poisson_event_residual_with_current_rawN_control,World
12,3.25247097257688,2.05964127192695,-0.135337443771099,6.64027938892486,-0.987953279881725,2.78711123650065,-5.57234330595702,3.59643674619357,128,n_OilSpecificThreatShock_EventOnset,Real_WTI,WTI crude oil price,gpr_plus_poisson_event_residual_with_current_rawN_control,World
0,-0.239790108938492,1.08408911385889,-2.02295801980789,1.5433778019309,-0.0594845363106321,1.72242308342229,-2.89261839222272,2.77364931960146,140,n_OilSpecificThreatShock_EventOnset,Real_Gasoline,Gasoline price,gpr_plus_poisson_event_residual_with_current_rawN_control,World
1,-0.479562397957111,1.77659828951753,-3.4018065381058,2.44268174219158,0.434729266895104,1.9799180674953,-2.82194614749129,3.6914046812815,139,n_OilSpecificThreatShock_EventOnset,Real_Gasoline,Gasoline price,gpr_plus_poisson_event_residual_with_current_rawN_control,World
2,-1.30657794908354,1.31699459271703,-3.47284128158963,0.859685383422552,0.581595273859898,1.76598046873139,-2.32318410525839,3.48637465297819,138,n_OilSpecificThreatShock_EventOnset,Real_Gasoline,Gasoline price,gpr_plus_poisson_event_residual_with_current_rawN_control,World
3,0.764287828702599,1.20340961753412,-1.21514484540669,2.74372050281189,3.42009186971391,1.92772101963381,0.249272958818645,6.59091078060918,137,n_OilSpecificThreatShock_EventOnset,Real_Gasoline,Gasoline price,gpr_plus_poisson_event_residual_with_current_rawN_control,World
4,1.79161812352673,1.97754222854081,-1.46114938353832,5.04438563059179,1.95452319759203,1.97202678176498,-1.28917220683953,5.19821860202359,136,n_OilSpecificThreatShock_EventOnset,Real_Gasoline,Gasoline price,gpr_plus_poisson_event_residual_with_current_rawN_control,World
5,3.01067141818571,2.06475081165003,-0.385541443107828,6.40688427947925,1.29523833963249,2.51626739261471,-2.84365320748954,5.43412988675452,135,n_OilSpecificThreatShock_EventOnset,Real_Gasoline,Gasoline price,gpr_plus_poisson_event_residual_with_current_rawN_control,World
6,2.89164860236056,1.65351661295004,0.171855804325165,5.61144140039596,2.13390538757593,2.26983900199953,-1.59964752745891,5.86745830261076,134,n_OilSpecificThreatShock_EventOnset,Real_Gasoline,Gasoline price,gpr_plus_poisson_event_residual_with_current_rawN_control,World
7,3.14672227349595,1.74460964847258,0.277094765591298,6.0163497814006,4.65128982330644,2.33138965660325,0.816495090805437,8.48608455580744,133,n_OilSpecificThreatShock_EventOnset,Real_Gasoline,Gasoline price,gpr_plus_poisson_event_residual_with_current_rawN_control,World
8,3.1569932894062,1.90295732074148,0.0269070384507248,6.28707954036167,4.95759755450008,2.51065399300547,0.827939228084826,9.08725588091533,132,n_OilSpecificThreatShock_EventOnset,Real_Gasoline,Gasoline price,gpr_plus_poisson_event_residual_with_current_rawN_control,World
9,2.51372375221241,1.87416493249193,-0.569003234502194,5.59645073892702,1.39798604374226,2.5755011213152,-2.83833631687063,5.63430840435515,131,n_OilSpecificThreatShock_EventOnset,Real_Gasoline,Gasoline price,gpr_plus_poisson_event_residual_with_current_rawN_control,World
10,1.76215215939231,0.934645126840714,0.224797732595844,3.29950658618878,0.527477313275118,2.24727860516005,-3.16896705119283,4.22392167774307,130,n_OilSpecificThreatShock_EventOnset,Real_Gasoline,Gasoline price,gpr_plus_poisson_event_residual_with_current_rawN_control,World
11,1.15007520707652,1.08253755405637,-0.63054061502427,2.93069102917731,0.835963608024733,1.93699114678473,-2.35010330513702,4.02203052118649,129,n_OilSpecificThreatShock_EventOnset,Real_Gasoline,Gasoline price,gpr_plus_poisson_event_residual_with_current_rawN_control,World
12,1.35897491157256,1.10094218124293,-0.451913828308737,3.16986365145385,-0.380760443576908,2.64945778045719,-4.73873068321671,3.9772097960629,128,n_OilSpecificThreatShock_EventOnset,Real_Gasoline,Gasoline price,gpr_plus_poisson_event_residual_with_current_rawN_control,World
0,0.127325459084452,0.134138164277409,-0.0933121869398559,0.34796310510876,0.0509242309328554,0.21755012388699,-0.306913879386403,0.408762341252114,140,n_OilSpecificThreatShock_EventOnset,inv_OECD,OECD inventory,gpr_plus_poisson_event_residual_with_current_rawN_control,World
1,-0.0847313415379337,0.224166256220577,-0.453452021122482,0.283989338046615,-0.300324961113755,0.410469095795016,-0.975486542083678,0.374836619856169,139,n_OilSpecificThreatShock_EventOnset,inv_OECD,OECD inventory,gpr_plus_poisson_event_residual_with_current_rawN_control,World
2,-0.17734308037319,0.181973645986396,-0.476663091983496,0.121976931237116,-0.277379954605313,0.232943752168251,-0.660538330234945,0.105778421024319,138,n_OilSpecificThreatShock_EventOnset,inv_OECD,OECD inventory,gpr_plus_poisson_event_residual_with_current_rawN_control,World
3,-0.38072459005272,0.200759629448987,-0.710944794697319,-0.05050438540812,-0.00956523322205365,0.2730468701556,-0.458687367925239,0.439556901481132,137,n_OilSpecificThreatShock_EventOnset,inv_OECD,OECD inventory,gpr_plus_poisson_event_residual_with_current_rawN_control,World
4,-0.630937978591026,0.238672040718833,-1.02351855041931,-0.238357406762744,-0.265132677909695,0.38874443999499,-0.904560379992673,0.374295024173284,136,n_OilSpecificThreatShock_EventOnset,inv_OECD,OECD inventory,gpr_plus_poisson_event_residual_with_current_rawN_control,World
5,-0.878599699877006,0.273211191577902,-1.32799211926765,-0.42920728048636,-0.859972072035525,0.393210688160723,-1.50674609861277,-0.213198045458276,135,n_OilSpecificThreatShock_EventOnset,inv_OECD,OECD inventory,gpr_plus_poisson_event_residual_with_current_rawN_control,World
6,-0.866103641073536,0.273837852851597,-1.31652682653309,-0.415680455613983,-0.991595392478048,0.469997042478538,-1.76467173245534,-0.218519052500759,134,n_OilSpecificThreatShock_EventOnset,inv_OECD,OECD inventory,gpr_plus_poisson_event_residual_with_current_rawN_control,World
7,-0.699816032624922,0.263664601620725,-1.13350570889949,-0.266126356350358,-0.931571208638639,0.47065342505252,-1.70572720187341,-0.157415215403869,133,n_OilSpecificThreatShock_EventOnset,inv_OECD,OECD inventory,gpr_plus_poisson_event_residual_with_current_rawN_control,World
8,-0.551203480517675,0.24091535834455,-0.947473981479021,-0.154932979556328,-1.15617420959336,0.530043522017492,-2.02801821922596,-0.284330199960756,132,n_OilSpecificThreatShock_EventOnset,inv_OECD,OECD inventory,gpr_plus_poisson_event_residual_with_current_rawN_control,World
9,-0.44513719520447,0.185676899048763,-0.75054851604593,-0.139725874363011,-1.34364922889319,0.368128258541625,-1.94916633013871,-0.738132127647666,131,n_OilSpecificThreatShock_EventOnset,inv_OECD,OECD inventory,gpr_plus_poisson_event_residual_with_current_rawN_control,World
10,-0.28617909330466,0.206025672588841,-0.625061168107532,0.0527029814982122,-0.826251986943239,0.387830994496101,-1.46417720488435,-0.188326769002131,130,n_OilSpecificThreatShock_EventOnset,inv_OECD,OECD inventory,gpr_plus_poisson_event_residual_with_current_rawN_control,World
11,-0.0088434065553458,0.202403368421421,-0.341767321210516,0.324080508099824,-0.517085989133783,0.391284575489198,-1.16069184229736,0.126519864029791,129,n_OilSpecificThreatShock_EventOnset,inv_OECD,OECD inventory,gpr_plus_poisson_event_residual_with_current_rawN_control,World
12,0.236084096304392,0.254313706131906,-0.182224725610144,0.654392918218929,-0.225425887641379,0.296011503323909,-0.712321482503069,0.261469707220311,128,n_OilSpecificThreatShock_EventOnset,inv_OECD,OECD inventory,gpr_plus_poisson_event_residual_with_current_rawN_control,World
0,-0.228536997263258,0.220708861783543,-0.59157076906825,0.134496774541734,-0.0347869540277631,0.455206723660496,-0.783535384453427,0.713961476397901,140,n_OilSpecificThreatShock_EventOnset,inv_USA,U.S. inventory,gpr_plus_poisson_event_residual_with_current_rawN_control,World
1,-0.178161370694612,0.318707232735239,-0.702388118394838,0.346065377005613,-0.585912750783738,0.644252244892084,-1.64561339246611,0.473787890898634,139,n_OilSpecificThreatShock_EventOnset,inv_USA,U.S. inventory,gpr_plus_poisson_event_residual_with_current_rawN_control,World
2,-0.475666947057246,0.336671396382764,-1.02944211448825,0.0781082203737606,-0.552155466069385,0.443271521166966,-1.28127223538517,0.176961303246396,138,n_OilSpecificThreatShock_EventOnset,inv_USA,U.S. inventory,gpr_plus_poisson_event_residual_with_current_rawN_control,World
3,-0.854698801511047,0.349639290691682,-1.42980425693,-0.279593346092094,-0.111726397416878,0.506742497766864,-0.945243632799152,0.721790837965396,137,n_OilSpecificThreatShock_EventOnset,inv_USA,U.S. inventory,gpr_plus_poisson_event_residual_with_current_rawN_control,World
4,-0.997685792188436,0.368315729942569,-1.60351125644775,-0.391860327929123,-0.699156229445101,0.640925984170269,-1.75338565911501,0.355073200224808,136,n_OilSpecificThreatShock_EventOnset,inv_USA,U.S. inventory,gpr_plus_poisson_event_residual_with_current_rawN_control,World
5,-1.37178131116027,0.410096566712464,-2.04633013631761,-0.697232486002929,-1.33945443428839,0.598111125711456,-2.3232596887349,-0.355649179841869,135,n_OilSpecificThreatShock_EventOnset,inv_USA,U.S. inventory,gpr_plus_poisson_event_residual_with_current_rawN_control,World
6,-1.54412366546484,0.402042917266719,-2.20542541612115,-0.882821914808526,-1.45939419532006,0.729611668286823,-2.65949859416776,-0.259289796472366,134,n_OilSpecificThreatShock_EventOnset,inv_USA,U.S. inventory,gpr_plus_poisson_event_residual_with_current_rawN_control,World
7,-1.43006495886661,0.421314488236116,-2.12306562292899,-0.737064294804229,-1.64846420609984,0.820584789564626,-2.99820607343643,-0.298722338763257,133,n_OilSpecificThreatShock_EventOnset,inv_USA,U.S. inventory,gpr_plus_poisson_event_residual_with_current_rawN_control,World
8,-1.07536953289052,0.404766960131222,-1.74115193533248,-0.409587130448559,-1.84062385511778,0.910307203298213,-3.3379459601029,-0.343301750132664,132,n_OilSpecificThreatShock_EventOnset,inv_USA,U.S. inventory,gpr_plus_poisson_event_residual_with_current_rawN_control,World
9,-0.789845745275403,0.2796293914381,-1.2497951639846,-0.32989632656621,-2.07755176605721,0.55638404131593,-2.99272207439363,-1.16238145772078,131,n_OilSpecificThreatShock_EventOnset,inv_USA,U.S. inventory,gpr_plus_poisson_event_residual_with_current_rawN_control,World
10,-0.492373212085149,0.412008977417131,-1.17006767292628,0.185321248755986,-1.35532021736701,0.781100539463793,-2.64011627271778,-0.0705241620162373,130,n_OilSpecificThreatShock_EventOnset,inv_USA,U.S. inventory,gpr_plus_poisson_event_residual_with_current_rawN_control,World
11,-0.046224995374671,0.29563265714778,-0.532497443729498,0.440047452980156,-1.22309133473801,0.677920336645893,-2.33817105925417,-0.108011610221845,129,n_OilSpecificThreatShock_EventOnset,inv_USA,U.S. inventory,gpr_plus_poisson_event_residual_with_current_rawN_control,World
12,0.418495703627808,0.340533923723494,-0.141632755908796,0.978624163164413,-0.378229695317443,0.574080600984763,-1.32250825400971,0.566048863374826,128,n_OilSpecificThreatShock_EventOnset,inv_USA,U.S. inventory,gpr_plus_poisson_event_residual_with_current_rawN_control,World
0,-0.0880490269965927,0.0948589199234835,-0.244078065481434,0.0679800114882484,-0.273652568027444,0.217058225564536,-0.630681577606922,0.0833764415520334,140,n_OilSpecificThreatShock_EventOnset,WorldCP,World crude-oil production,gpr_plus_poisson_event_residual_with_current_rawN_control,World
1,-0.298466771419449,0.116606100392597,-0.49026673857488,-0.106666804264018,-0.150579318199953,0.243391155181454,-0.550922142568077,0.249763506168171,139,n_OilSpecificThreatShock_EventOnset,WorldCP,World crude-oil production,gpr_plus_poisson_event_residual_with_current_rawN_control,World
2,-0.337909524390654,0.177221856599936,-0.629413537994132,-0.0464055107871764,-0.402384695598102,0.233399245762921,-0.78629229151898,-0.0184770996772232,138,n_OilSpecificThreatShock_EventOnset,WorldCP,World crude-oil production,gpr_plus_poisson_event_residual_with_current_rawN_control,World
3,-0.141334390156821,0.237623967031098,-0.532191034178521,0.249522253864878,-0.501663978733399,0.384821586377648,-1.13463916081589,0.131311203349094,137,n_OilSpecificThreatShock_EventOnset,WorldCP,World crude-oil production,gpr_plus_poisson_event_residual_with_current_rawN_control,World
4,0.0135600654537968,0.272544010031807,-0.434734937950919,0.461855068858513,-0.187766335304367,0.354639816595723,-0.771096923893247,0.395564253284512,136,n_OilSpecificThreatShock_EventOnset,WorldCP,World crude-oil production,gpr_plus_poisson_event_residual_with_current_rawN_control,World
5,0.195134321312729,0.245123171999738,-0.20805741720089,0.598326059826348,0.0705503719843382,0.345571827633532,-0.497864702070927,0.638965446039603,135,n_OilSpecificThreatShock_EventOnset,WorldCP,World crude-oil production,gpr_plus_poisson_event_residual_with_current_rawN_control,World
6,0.428588683400493,0.211203680227194,0.0811895439532941,0.775987822847691,0.285586504377644,0.381927015886591,-0.342627532934168,0.913800541689456,134,n_OilSpecificThreatShock_EventOnset,WorldCP,World crude-oil production,gpr_plus_poisson_event_residual_with_current_rawN_control,World
7,0.413186943091548,0.213938112519174,0.0612900627712324,0.765083823411863,0.241571878648731,0.416187932277802,-0.442996351251847,0.926140108549308,133,n_OilSpecificThreatShock_EventOnset,WorldCP,World crude-oil production,gpr_plus_poisson_event_residual_with_current_rawN_control,World
8,0.411374286255977,0.184800008551798,0.107405321928889,0.715343250583065,0.53847404319272,0.346456164755623,-0.0313956359852633,1.1083437223707,132,n_OilSpecificThreatShock_EventOnset,WorldCP,World crude-oil production,gpr_plus_poisson_event_residual_with_current_rawN_control,World
9,0.592068899287629,0.199456577532773,0.263992024313521,0.920145774261738,0.866964294050775,0.443072887512307,0.138174248022296,1.59575434007925,131,n_OilSpecificThreatShock_EventOnset,WorldCP,World crude-oil production,gpr_plus_poisson_event_residual_with_current_rawN_control,World
10,0.517153986136145,0.236408933081438,0.128295895113415,0.906012077158876,0.787196838957314,0.47155312347229,0.0115609735136235,1.56283270440101,130,n_OilSpecificThreatShock_EventOnset,WorldCP,World crude-oil production,gpr_plus_poisson_event_residual_with_current_rawN_control,World
11,0.504650531226223,0.2828566468114,0.0393927498111605,0.969908312641286,0.777481261704632,0.465842087069203,0.0112392152022089,1.54372330820705,129,n_OilSpecificThreatShock_EventOnset,WorldCP,World crude-oil production,gpr_plus_poisson_event_residual_with_current_rawN_control,World
12,0.341770051648904,0.308157638778064,-0.165104158167996,0.848644261465804,0.75478303411475,0.358815598412235,0.164583895659622,1.34498217256988,128,n_OilSpecificThreatShock_EventOnset,WorldCP,World crude-oil production,gpr_plus_poisson_event_residual_with_current_rawN_control,World
0,-0.523398789158611,1.39833206652171,-2.8234503604594,1.77665278214217,1.65913261380448,2.46786835675462,-2.40014960364214,5.71841483125109,140,n_OilSpecificRealizedShock_EventOnset,Real_Brent,Brent crude oil price,gpr_plus_poisson_event_residual_with_current_rawN_control,World
1,-1.1212634884768,2.08769004006929,-4.55520802283524,2.31268104588163,3.91782166528552,2.49735472423341,-0.189961310654198,8.02560464122523,139,n_OilSpecificRealizedShock_EventOnset,Real_Brent,Brent crude oil price,gpr_plus_poisson_event_residual_with_current_rawN_control,World
2,-0.69954616743153,1.89956717515595,-3.82405612512476,2.4249637902617,3.42793952046002,3.31009933156499,-2.0166893706343,8.87256841155434,138,n_OilSpecificRealizedShock_EventOnset,Real_Brent,Brent crude oil price,gpr_plus_poisson_event_residual_with_current_rawN_control,World
3,3.17078764435918,2.42241319290364,-0.813727481963467,7.15530277068182,6.26550129952365,4.37607269915471,-0.932497751484298,13.4635003505316,137,n_OilSpecificRealizedShock_EventOnset,Real_Brent,Brent crude oil price,gpr_plus_poisson_event_residual_with_current_rawN_control,World
4,3.82607628744759,3.37475087504222,-1.72489492942326,9.37704750431843,5.39320691245505,4.22633131127123,-1.558489473588,12.3449032984981,136,n_OilSpecificRealizedShock_EventOnset,Real_Brent,Brent crude oil price,gpr_plus_poisson_event_residual_with_current_rawN_control,World
5,7.26857727773644,3.99246868998872,0.701550672518296,13.8356038829546,9.81162356940802,6.09580196765957,-0.215078406274742,19.8383255450908,135,n_OilSpecificRealizedShock_EventOnset,Real_Brent,Brent crude oil price,gpr_plus_poisson_event_residual_with_current_rawN_control,World
6,5.68460578314453,3.73977273734055,-0.466772967844305,11.8359845341334,4.29017377274137,4.90160244542343,-3.77224478748757,12.3525923329703,134,n_OilSpecificRealizedShock_EventOnset,Real_Brent,Brent crude oil price,gpr_plus_poisson_event_residual_with_current_rawN_control,World
7,5.6537412550778,4.41360606981209,-1.60599469678765,12.9134772069433,6.40040870124864,5.69655351320246,-2.96958800606557,15.7704054085629,133,n_OilSpecificRealizedShock_EventOnset,Real_Brent,Brent crude oil price,gpr_plus_poisson_event_residual_with_current_rawN_control,World
8,4.94446991710983,4.15135219534161,-1.88389679815077,11.7728366323704,4.04673819310304,5.43084055201404,-4.88619958627239,12.9796759724785,132,n_OilSpecificRealizedShock_EventOnset,Real_Brent,Brent crude oil price,gpr_plus_poisson_event_residual_with_current_rawN_control,World
9,4.14587050002516,3.25032480108918,-1.20043803781669,9.49217903786701,-0.976877689093066,5.52957292422726,-10.0722157690009,8.1184603908148,131,n_OilSpecificRealizedShock_EventOnset,Real_Brent,Brent crude oil price,gpr_plus_poisson_event_residual_with_current_rawN_control,World
10,1.80152353007172,2.38556966977276,-2.12238939359943,5.72543645374286,-6.81837083593671,5.5067693115097,-15.8762003107585,2.23945863888508,130,n_OilSpecificRealizedShock_EventOnset,Real_Brent,Brent crude oil price,gpr_plus_poisson_event_residual_with_current_rawN_control,World
11,2.06831175443898,1.96484997299343,-1.16357885005477,5.30020235893272,-3.62551820959681,4.17986542339788,-10.5007850114419,3.24974859224824,129,n_OilSpecificRealizedShock_EventOnset,Real_Brent,Brent crude oil price,gpr_plus_poisson_event_residual_with_current_rawN_control,World
12,2.09900778575423,2.21435637696282,-1.5432843322562,5.74129990376465,-7.85540929285677,4.73476074882729,-15.6433976833128,-0.0674209024007277,128,n_OilSpecificRealizedShock_EventOnset,Real_Brent,Brent crude oil price,gpr_plus_poisson_event_residual_with_current_rawN_control,World
0,-0.0781036964614538,1.44446182384026,-2.45403196639805,2.29782457347514,1.64865072065458,2.54680568463849,-2.54047184686367,5.83777328817283,140,n_OilSpecificRealizedShock_EventOnset,Real_WTI,WTI crude oil price,gpr_plus_poisson_event_residual_with_current_rawN_control,World
1,-0.587152225815528,2.21784017568343,-4.23517468278711,3.06087023115605,3.40276704409414,2.58106378345581,-0.842705081516238,7.64823916970451,139,n_OilSpecificRealizedShock_EventOnset,Real_WTI,WTI crude oil price,gpr_plus_poisson_event_residual_with_current_rawN_control,World
2,-0.585021168389408,1.8639229273827,-3.65090155585285,2.48085921907404,3.34640341893871,3.02836462826201,-1.6348131235896,8.32761996146702,138,n_OilSpecificRealizedShock_EventOnset,Real_WTI,WTI crude oil price,gpr_plus_poisson_event_residual_with_current_rawN_control,World
3,3.58878266709115,2.34970308098965,-0.27613496793372,7.45370030211602,6.64130878017561,4.29738976443282,-0.42726836027585,13.7098859206271,137,n_OilSpecificRealizedShock_EventOnset,Real_WTI,WTI crude oil price,gpr_plus_poisson_event_residual_with_current_rawN_control,World
4,4.36996818967125,3.30325441778526,-1.06340182016631,9.80333819950882,5.440182160077,4.27464934373831,-1.59099031691669,12.4713546370707,136,n_OilSpecificRealizedShock_EventOnset,Real_WTI,WTI crude oil price,gpr_plus_poisson_event_residual_with_current_rawN_control,World
5,7.31602409999711,3.80040820634651,1.06490887789192,13.5671393221023,9.45553451283174,5.64384918308147,0.172228714073071,18.7388403115904,135,n_OilSpecificRealizedShock_EventOnset,Real_WTI,WTI crude oil price,gpr_plus_poisson_event_residual_with_current_rawN_control,World
6,6.23086388514851,3.35892812873164,0.705918769934945,11.7558090003621,3.7595872977362,4.22448453031978,-3.18907140396068,10.7082459994331,134,n_OilSpecificRealizedShock_EventOnset,Real_WTI,WTI crude oil price,gpr_plus_poisson_event_residual_with_current_rawN_control,World
7,5.69680440048604,3.83702871402454,-0.614546196494178,12.0081549974663,5.9734234964059,5.37030020120007,-2.85993426735626,14.8067812601681,133,n_OilSpecificRealizedShock_EventOnset,Real_WTI,WTI crude oil price,gpr_plus_poisson_event_residual_with_current_rawN_control,World
8,5.13886909242875,3.87063663334032,-1.22776161253231,11.5054997973898,4.61286828629485,4.8208128633338,-3.31666323681407,12.5423998094038,132,n_OilSpecificRealizedShock_EventOnset,Real_WTI,WTI crude oil price,gpr_plus_poisson_event_residual_with_current_rawN_control,World
9,4.45690230934692,3.0429951348077,-0.548379274937204,9.46218389363104,-0.640535530134981,4.877346081017,-8.66305592139335,7.38198486112339,131,n_OilSpecificRealizedShock_EventOnset,Real_WTI,WTI crude oil price,gpr_plus_poisson_event_residual_with_current_rawN_control,World
10,2.09111124884372,2.21614944204367,-1.55413019876829,5.73635269645573,-7.10262675556493,4.81774172289448,-15.0271067021834,0.821853191053493,130,n_OilSpecificRealizedShock_EventOnset,Real_WTI,WTI crude oil price,gpr_plus_poisson_event_residual_with_current_rawN_control,World
11,2.70892192652442,2.06716647819691,-0.69126435265026,6.1091082056991,-3.55526202862549,3.85699764452992,-9.89945859337381,2.78893453612284,129,n_OilSpecificRealizedShock_EventOnset,Real_WTI,WTI crude oil price,gpr_plus_poisson_event_residual_with_current_rawN_control,World
12,2.50271591314742,2.40067496083038,-1.44604300330602,6.45147482960085,-6.87600288381504,4.77740467813484,-14.7341342960601,0.982128528429982,128,n_OilSpecificRealizedShock_EventOnset,Real_WTI,WTI crude oil price,gpr_plus_poisson_event_residual_with_current_rawN_control,World
0,0.210827571979145,1.16747717220771,-1.70950148910976,2.13115663306805,1.51696289841049,1.59184884812154,-1.10139545298075,4.13532124980173,140,n_OilSpecificRealizedShock_EventOnset,Real_Gasoline,Gasoline price,gpr_plus_poisson_event_residual_with_current_rawN_control,World
1,-0.232406235872614,1.88978302133621,-3.34082269266879,2.87601022092357,1.22122196991726,2.04801688266876,-2.1474660275983,4.58990996743281,139,n_OilSpecificRealizedShock_EventOnset,Real_Gasoline,Gasoline price,gpr_plus_poisson_event_residual_with_current_rawN_control,World
2,-1.39838918526903,1.29978417560562,-3.53634390076807,0.739565530230004,0.546797606484601,1.840652463873,-2.48080627467407,3.57440148764327,138,n_OilSpecificRealizedShock_EventOnset,Real_Gasoline,Gasoline price,gpr_plus_poisson_event_residual_with_current_rawN_control,World
3,0.748797637007085,1.23269086909374,-1.27879840993172,2.77639368394589,3.50666923199502,2.07913257152014,0.086800480817177,6.92653798317287,137,n_OilSpecificRealizedShock_EventOnset,Real_Gasoline,Gasoline price,gpr_plus_poisson_event_residual_with_current_rawN_control,World
4,1.97588235886382,2.11184023518757,-1.4977857115265,5.44955042925414,2.61675019614277,2.3083661758222,-1.18017428049048,6.41367467277602,136,n_OilSpecificRealizedShock_EventOnset,Real_Gasoline,Gasoline price,gpr_plus_poisson_event_residual_with_current_rawN_control,World
5,3.48318883585171,2.27545100104484,-0.259594996167258,7.22597266787068,3.1789834219257,3.142726821027,-1.99034218815824,8.34830903200964,135,n_OilSpecificRealizedShock_EventOnset,Real_Gasoline,Gasoline price,gpr_plus_poisson_event_residual_with_current_rawN_control,World
6,3.00752310086635,1.71349744989917,0.189070605627607,5.8259755961051,2.36167782006513,2.1728429993442,-1.21233086820229,5.93568650833255,134,n_OilSpecificRealizedShock_EventOnset,Real_Gasoline,Gasoline price,gpr_plus_poisson_event_residual_with_current_rawN_control,World
7,2.91485555699374,1.79647067894938,-0.0400757549881257,5.86978686897561,3.71130489105605,2.54632369232999,-0.477024869665395,7.8996346517775,133,n_OilSpecificRealizedShock_EventOnset,Real_Gasoline,Gasoline price,gpr_plus_poisson_event_residual_with_current_rawN_control,World
8,3.05514225016012,2.05871956644338,-0.331150095580237,6.44143459590048,4.06592610640726,2.40736207336946,0.106167868640084,8.02568434417443,132,n_OilSpecificRealizedShock_EventOnset,Real_Gasoline,Gasoline price,gpr_plus_poisson_event_residual_with_current_rawN_control,World
9,1.63372623517025,1.94420140954757,-1.56420050484823,4.83165297518873,-3.02521155032046,2.49618201488572,-7.13106559103626,1.08064249039535,131,n_OilSpecificRealizedShock_EventOnset,Real_Gasoline,Gasoline price,gpr_plus_poisson_event_residual_with_current_rawN_control,World
10,0.349277593788124,1.16769843101328,-1.57141540564961,2.26997059322585,-5.94795571699134,2.6621295626923,-10.3267691836005,-1.56914225038218,130,n_OilSpecificRealizedShock_EventOnset,Real_Gasoline,Gasoline price,gpr_plus_poisson_event_residual_with_current_rawN_control,World
11,0.423226930574419,1.4845502661296,-2.01864095906062,2.86509482020946,-3.10075323451326,2.88728993092379,-7.84992254945373,1.6484160804272,129,n_OilSpecificRealizedShock_EventOnset,Real_Gasoline,Gasoline price,gpr_plus_poisson_event_residual_with_current_rawN_control,World
12,1.36674325451193,1.2165784378985,-0.634350201536372,3.36783671056024,-2.41678279227552,2.94756813215309,-7.26510092513411,2.43153534058307,128,n_OilSpecificRealizedShock_EventOnset,Real_Gasoline,Gasoline price,gpr_plus_poisson_event_residual_with_current_rawN_control,World
0,0.195790242208732,0.144379239773304,-0.0416924739888838,0.433272958406347,0.260562419943926,0.244659133825366,-0.141866043695534,0.662990883583385,140,n_OilSpecificRealizedShock_EventOnset,inv_OECD,OECD inventory,gpr_plus_poisson_event_residual_with_current_rawN_control,World
1,-0.0264616364928273,0.227430534587717,-0.400551576188946,0.347628303203291,-0.250306727371737,0.459669479701418,-1.00639573825751,0.505782283514037,139,n_OilSpecificRealizedShock_EventOnset,inv_OECD,OECD inventory,gpr_plus_poisson_event_residual_with_current_rawN_control,World
2,-0.175987545519369,0.193769815055037,-0.494710528606362,0.142735437567625,-0.387483846342878,0.280731002216964,-0.849245253537173,0.0742775608514172,138,n_OilSpecificRealizedShock_EventOnset,inv_OECD,OECD inventory,gpr_plus_poisson_event_residual_with_current_rawN_control,World
3,-0.459847088530641,0.221848984804961,-0.824756195822584,-0.0949379812386986,-0.403056998868153,0.362913076638657,-0.999995889245366,0.193881891509059,137,n_OilSpecificRealizedShock_EventOnset,inv_OECD,OECD inventory,gpr_plus_poisson_event_residual_with_current_rawN_control,World
4,-0.645175924680459,0.241935625663496,-1.04312461604183,-0.247227233319083,-0.468505508150901,0.39413166987851,-1.11679441484701,0.179783398545207,136,n_OilSpecificRealizedShock_EventOnset,inv_OECD,OECD inventory,gpr_plus_poisson_event_residual_with_current_rawN_control,World
5,-0.973353327920146,0.279982372756698,-1.43388334923148,-0.512823306608812,-1.47937660436845,0.622392229440449,-2.50312072034999,-0.455632488386917,135,n_OilSpecificRealizedShock_EventOnset,inv_OECD,OECD inventory,gpr_plus_poisson_event_residual_with_current_rawN_control,World
6,-0.96334682977437,0.284458924687693,-1.43124012376564,-0.495453535783102,-1.45793300931526,0.649260470037985,-2.52587144829345,-0.389994570337059,134,n_OilSpecificRealizedShock_EventOnset,inv_OECD,OECD inventory,gpr_plus_poisson_event_residual_with_current_rawN_control,World
7,-0.65110533644701,0.267419787221251,-1.09097174337648,-0.211238929517544,-0.95074375360087,0.538181612486979,-1.83597373085867,-0.0655137763430713,133,n_OilSpecificRealizedShock_EventOnset,inv_OECD,OECD inventory,gpr_plus_poisson_event_residual_with_current_rawN_control,World
8,-0.320373236597482,0.230397954269534,-0.699344147319924,0.05859767412496,-0.627103222344639,0.48369243655134,-1.42270648093511,0.168500036245828,132,n_OilSpecificRealizedShock_EventOnset,inv_OECD,OECD inventory,gpr_plus_poisson_event_residual_with_current_rawN_control,World
9,-0.227828038173932,0.258081100470352,-0.652333672330217,0.196677595982353,-0.893443318626884,0.396715542129022,-1.54598231696583,-0.240904320287943,131,n_OilSpecificRealizedShock_EventOnset,inv_OECD,OECD inventory,gpr_plus_poisson_event_residual_with_current_rawN_control,World
10,-0.0907334876646218,0.26995836920415,-0.534775490375972,0.353308515046729,-0.230820190153126,0.444568819128651,-0.96207082472642,0.500430444420169,130,n_OilSpecificRealizedShock_EventOnset,inv_OECD,OECD inventory,gpr_plus_poisson_event_residual_with_current_rawN_control,World
11,0.223779725425607,0.221993761548935,-0.141367518418758,0.588926969269973,0.343442290571122,0.461591670983601,-0.415808443616845,1.10269302475909,129,n_OilSpecificRealizedShock_EventOnset,inv_OECD,OECD inventory,gpr_plus_poisson_event_residual_with_current_rawN_control,World
12,0.526763597829448,0.282156033869778,0.0626582221525023,0.990868973506394,0.904205865631705,0.483697898125677,0.108593623550882,1.69981810771253,128,n_OilSpecificRealizedShock_EventOnset,inv_OECD,OECD inventory,gpr_plus_poisson_event_residual_with_current_rawN_control,World
0,-0.0845655030823425,0.210502997733354,-0.430812122388208,0.261681116223523,0.35092458782366,0.394634632348528,-0.298191618515477,1.0000407941628,140,n_OilSpecificRealizedShock_EventOnset,inv_USA,U.S. inventory,gpr_plus_poisson_event_residual_with_current_rawN_control,World
1,-0.0822185656280797,0.326732200738619,-0.619645211054833,0.455208079798674,-0.46676799813518,0.762958793795208,-1.72172353732375,0.788187541053388,139,n_OilSpecificRealizedShock_EventOnset,inv_USA,U.S. inventory,gpr_plus_poisson_event_residual_with_current_rawN_control,World
2,-0.450565433519043,0.342924515218298,-1.01462606614644,0.113495199108349,-0.678571527724186,0.517126122503426,-1.5291683059153,0.172025250466925,138,n_OilSpecificRealizedShock_EventOnset,inv_USA,U.S. inventory,gpr_plus_poisson_event_residual_with_current_rawN_control,World
3,-0.929243754311017,0.365852713527072,-1.53101791708606,-0.327469591535975,-0.601476479430683,0.571681875867676,-1.54180948641405,0.338856527552686,137,n_OilSpecificRealizedShock_EventOnset,inv_USA,U.S. inventory,gpr_plus_poisson_event_residual_with_current_rawN_control,World
4,-0.991507200162081,0.356020057719275,-1.5771080833691,-0.405906316955059,-0.999621318368162,0.613851901003922,-2.00931784414552,0.0100752074091957,136,n_OilSpecificRealizedShock_EventOnset,inv_USA,U.S. inventory,gpr_plus_poisson_event_residual_with_current_rawN_control,World
5,-1.46307021724057,0.412859393376485,-2.14216348785687,-0.783976946624274,-2.1019631971271,0.881694211813155,-3.55222111929008,-0.651705274964108,135,n_OilSpecificRealizedShock_EventOnset,inv_USA,U.S. inventory,gpr_plus_poisson_event_residual_with_current_rawN_control,World
6,-1.68149915722895,0.41704156447723,-2.36747148714883,-0.995526827309057,-2.19838533568652,0.979469679112525,-3.80946958986375,-0.587301081509284,134,n_OilSpecificRealizedShock_EventOnset,inv_USA,U.S. inventory,gpr_plus_poisson_event_residual_with_current_rawN_control,World
7,-1.33399948138139,0.418929262306575,-2.02307679792247,-0.64492216484032,-1.59781308831037,0.876800120105141,-3.0400209459768,-0.155605230643945,133,n_OilSpecificRealizedShock_EventOnset,inv_USA,U.S. inventory,gpr_plus_poisson_event_residual_with_current_rawN_control,World
8,-0.752959239965108,0.397227211371425,-1.40633985931321,-0.099578620617001,-1.25914446690665,0.921316052118144,-2.77457451680179,0.256285582988491,132,n_OilSpecificRealizedShock_EventOnset,inv_USA,U.S. inventory,gpr_plus_poisson_event_residual_with_current_rawN_control,World
9,-0.456813115968177,0.353655792278016,-1.03852512858907,0.124898896652714,-1.39882595279357,0.641149639534123,-2.45342326279991,-0.344228642787242,131,n_OilSpecificRealizedShock_EventOnset,inv_USA,U.S. inventory,gpr_plus_poisson_event_residual_with_current_rawN_control,World
10,-0.202442364297204,0.442376371610381,-0.930086743618172,0.525202015023764,-0.455002088164556,0.802980518855456,-1.77578750697533,0.865783330646216,130,n_OilSpecificRealizedShock_EventOnset,inv_USA,U.S. inventory,gpr_plus_poisson_event_residual_with_current_rawN_control,World
11,0.297034287540178,0.282453180485692,-0.167559850825691,0.761628425906048,-0.00228955032748869,0.687847030560258,-1.13369723333233,1.12911813267735,129,n_OilSpecificRealizedShock_EventOnset,inv_USA,U.S. inventory,gpr_plus_poisson_event_residual_with_current_rawN_control,World
12,0.80397230687071,0.331660871662484,0.258438719198786,1.34950589454263,1.14966887344123,0.498354206931363,0.329949148663657,1.96938859821881,128,n_OilSpecificRealizedShock_EventOnset,inv_USA,U.S. inventory,gpr_plus_poisson_event_residual_with_current_rawN_control,World
0,-0.130597146068513,0.105090194466421,-0.303455133593642,0.0422608414566154,-0.400278246485169,0.234882450398266,-0.786625496930007,-0.0139309960403315,140,n_OilSpecificRealizedShock_EventOnset,WorldCP,World crude-oil production,gpr_plus_poisson_event_residual_with_current_rawN_control,World
1,-0.342082444305754,0.126444899495726,-0.550065795850813,-0.134099092760695,-0.245763431410306,0.330790711813041,-0.789865733497845,0.298338870677233,139,n_OilSpecificRealizedShock_EventOnset,WorldCP,World crude-oil production,gpr_plus_poisson_event_residual_with_current_rawN_control,World
2,-0.34998651106171,0.171949682299998,-0.632818569646015,-0.0671544524774046,-0.363482057035041,0.236520414784954,-0.752523519142139,0.0255594050720566,138,n_OilSpecificRealizedShock_EventOnset,WorldCP,World crude-oil production,gpr_plus_poisson_event_residual_with_current_rawN_control,World
3,-0.0296409270246908,0.260452751300125,-0.458047579650192,0.39876572560081,0.00846600186703393,0.336716387000496,-0.545383168544727,0.562315172278795,137,n_OilSpecificRealizedShock_EventOnset,WorldCP,World crude-oil production,gpr_plus_poisson_event_residual_with_current_rawN_control,World
4,0.0848974197305407,0.306069259865185,-0.418541712457062,0.588336551918143,0.202921244222207,0.359755790954644,-0.388824373346334,0.794666861790748,136,n_OilSpecificRealizedShock_EventOnset,WorldCP,World crude-oil production,gpr_plus_poisson_event_residual_with_current_rawN_control,World
5,0.321479287987601,0.282455862712448,-0.143119262248676,0.786077838223877,0.739525002015183,0.52880335136446,-0.130279108420742,1.60932911245111,135,n_OilSpecificRealizedShock_EventOnset,WorldCP,World crude-oil production,gpr_plus_poisson_event_residual_with_current_rawN_control,World
6,0.68403171994131,0.251802872273728,0.269852852205071,1.09821058767755,1.36485107642525,0.626236110596172,0.334784338583154,2.39491781426735,134,n_OilSpecificRealizedShock_EventOnset,WorldCP,World crude-oil production,gpr_plus_poisson_event_residual_with_current_rawN_control,World
7,0.631755608814158,0.233036595435573,0.248444519599532,1.01506669802878,1.19742942864907,0.556801091484592,0.281573133830105,2.11328572346805,133,n_OilSpecificRealizedShock_EventOnset,WorldCP,World crude-oil production,gpr_plus_poisson_event_residual_with_current_rawN_control,World
8,0.520118524121377,0.152766829203545,0.268839451028051,0.771397597214704,1.14338477523803,0.434698114889678,0.428370004332771,1.85839954614328,132,n_OilSpecificRealizedShock_EventOnset,WorldCP,World crude-oil production,gpr_plus_poisson_event_residual_with_current_rawN_control,World
9,0.705567043175084,0.206246671524227,0.36632145747179,1.04481262887838,1.54808997829464,0.612767106141193,0.540177781281742,2.55600217530754,131,n_OilSpecificRealizedShock_EventOnset,WorldCP,World crude-oil production,gpr_plus_poisson_event_residual_with_current_rawN_control,World
10,0.676955013006908,0.238010512967221,0.285462557500195,1.06844746851362,1.57517058964298,0.484898787939429,0.777583059596433,2.37275811968952,130,n_OilSpecificRealizedShock_EventOnset,WorldCP,World crude-oil production,gpr_plus_poisson_event_residual_with_current_rawN_control,World
11,0.642757757186284,0.282205559564178,0.178570918991276,1.10694459538129,1.31559447032153,0.487184369352021,0.514247493398789,2.11694144724426,129,n_OilSpecificRealizedShock_EventOnset,WorldCP,World crude-oil production,gpr_plus_poisson_event_residual_with_current_rawN_control,World
12,0.358254377452501,0.328338663719347,-0.181814664434667,0.898323419339669,0.868080402715011,0.418456194692199,0.179781213155236,1.55637959227479,128,n_OilSpecificRealizedShock_EventOnset,WorldCP,World crude-oil production,gpr_plus_poisson_event_residual_with_current_rawN_control,World
0,-0.867667685125542,1.3937935480484,-3.16025405785451,1.42491868760343,0.0469658786980398,3.29073335209165,-5.36580881082009,5.45974056821617,140,n_StrictSupplyDisruption_EventOnset,Real_Brent,Brent crude oil price,gpr_plus_poisson_event_residual_with_current_rawN_control,World
1,-2.63297446306704,1.8635994495663,-5.69832277687094,0.432373850736862,-1.65481120240055,3.71537691998926,-7.76606240473668,4.45643999993558,139,n_StrictSupplyDisruption_EventOnset,Real_Brent,Brent crude oil price,gpr_plus_poisson_event_residual_with_current_rawN_control,World
2,-2.32678439993537,1.63698302314364,-5.01938186281118,0.365813062940434,-2.97271032474535,3.75033295805439,-9.14145909307676,3.19603844358606,138,n_StrictSupplyDisruption_EventOnset,Real_Brent,Brent crude oil price,gpr_plus_poisson_event_residual_with_current_rawN_control,World
3,1.93013470189639,2.28142318531872,-1.82247249908629,5.68274190287907,2.66662539047863,5.48011196854271,-6.34735665707903,11.6806074380363,137,n_StrictSupplyDisruption_EventOnset,Real_Brent,Brent crude oil price,gpr_plus_poisson_event_residual_with_current_rawN_control,World
4,2.85161571051313,3.46629364544475,-2.8499299642755,8.55316138530176,3.14094026720508,6.03627009120769,-6.78784048557658,13.0697210199867,136,n_StrictSupplyDisruption_EventOnset,Real_Brent,Brent crude oil price,gpr_plus_poisson_event_residual_with_current_rawN_control,World
5,6.82858650396513,4.09844553021348,0.08724350873044,13.5699294991998,7.96471543054374,6.72691032666594,-3.10006741845005,19.0294982795375,135,n_StrictSupplyDisruption_EventOnset,Real_Brent,Brent crude oil price,gpr_plus_poisson_event_residual_with_current_rawN_control,World
6,6.35768538132694,4.17683377904154,-0.512594809302962,13.2279655719568,7.52745134572034,6.83030185323908,-3.70739543075333,18.762298122194,134,n_StrictSupplyDisruption_EventOnset,Real_Brent,Brent crude oil price,gpr_plus_poisson_event_residual_with_current_rawN_control,World
7,7.05240285471716,5.00078517886702,-1.17315678434743,15.2779624937818,10.9664169983326,6.75685218923209,-0.14761583190079,22.080449828566,133,n_StrictSupplyDisruption_EventOnset,Real_Brent,Brent crude oil price,gpr_plus_poisson_event_residual_with_current_rawN_control,World
8,5.60008899805491,4.45793987083993,-1.73256956722773,12.9327475633375,6.76555590624656,6.77400957858209,-4.3766983180882,17.9078101305813,132,n_StrictSupplyDisruption_EventOnset,Real_Brent,Brent crude oil price,gpr_plus_poisson_event_residual_with_current_rawN_control,World
9,4.83395120104853,3.63461494209732,-1.14445836903227,10.8123607711293,2.85250318287994,7.31171031509503,-9.17419004812262,14.8791964138825,131,n_StrictSupplyDisruption_EventOnset,Real_Brent,Brent crude oil price,gpr_plus_poisson_event_residual_with_current_rawN_control,World
10,2.33466269872218,2.63214984304366,-1.99483851728793,6.66416391473228,-3.3625560520004,7.19501056915811,-15.1972952826343,8.4721831786335,130,n_StrictSupplyDisruption_EventOnset,Real_Brent,Brent crude oil price,gpr_plus_poisson_event_residual_with_current_rawN_control,World
11,2.36816814291576,1.9205655744046,-0.790881107941785,5.5272173937733,-0.777057267355423,4.79167768107538,-8.65866568025469,7.10455114554384,129,n_StrictSupplyDisruption_EventOnset,Real_Brent,Brent crude oil price,gpr_plus_poisson_event_residual_with_current_rawN_control,World
12,2.13288647202261,2.17925049534042,-1.45166160927388,5.71743455331909,-5.30955891987162,5.91245214705974,-15.0346772781398,4.41555943839662,128,n_StrictSupplyDisruption_EventOnset,Real_Brent,Brent crude oil price,gpr_plus_poisson_event_residual_with_current_rawN_control,World
0,-0.410115237376253,1.47111018473643,-2.82987616038523,2.00964568563272,-0.00407883663122585,3.40367982134917,-5.60263393575895,5.5944762624965,140,n_StrictSupplyDisruption_EventOnset,Real_WTI,WTI crude oil price,gpr_plus_poisson_event_residual_with_current_rawN_control,World
1,-2.11255382816182,1.99539213273074,-5.39468181487441,1.16957415855078,-2.49851311076527,3.78079389458131,-8.71736566102332,3.72033943949278,139,n_StrictSupplyDisruption_EventOnset,Real_WTI,WTI crude oil price,gpr_plus_poisson_event_residual_with_current_rawN_control,World
2,-2.02987559160692,1.64804849410893,-4.74067413453391,0.680922951320078,-2.4605887357475,3.63825161524748,-8.44498010084937,3.52380262935437,138,n_StrictSupplyDisruption_EventOnset,Real_WTI,WTI crude oil price,gpr_plus_poisson_event_residual_with_current_rawN_control,World
3,2.41768022256898,2.25030047055087,-1.28373466814723,6.11909511328519,3.04854416904798,5.20556314512741,-5.51384525053976,11.6109335886357,137,n_StrictSupplyDisruption_EventOnset,Real_WTI,WTI crude oil price,gpr_plus_poisson_event_residual_with_current_rawN_control,World
4,3.34864737167054,3.42513541759637,-2.2851990427628,8.98249378610387,2.87853441858171,5.98794684417009,-6.97076166604409,12.7278305032075,136,n_StrictSupplyDisruption_EventOnset,Real_WTI,WTI crude oil price,gpr_plus_poisson_event_residual_with_current_rawN_control,World
5,6.83137364417164,3.88315438407571,0.444153071512193,13.2185942168311,7.06950387762852,6.16987160990284,-3.07903181774509,17.2180395730021,135,n_StrictSupplyDisruption_EventOnset,Real_WTI,WTI crude oil price,gpr_plus_poisson_event_residual_with_current_rawN_control,World
6,6.94807571276302,3.77139300598652,0.744686248206676,13.1514651773194,6.93936126763015,6.02594033197015,-2.9724285432041,16.8511510784644,134,n_StrictSupplyDisruption_EventOnset,Real_WTI,WTI crude oil price,gpr_plus_poisson_event_residual_with_current_rawN_control,World
7,7.24583480616803,4.41177197923874,-0.0108843351656818,14.5025539475017,10.9256981835264,6.43355991292858,0.343433826536193,21.5079625405166,133,n_StrictSupplyDisruption_EventOnset,Real_WTI,WTI crude oil price,gpr_plus_poisson_event_residual_with_current_rawN_control,World
8,5.83038920688549,4.19852114683449,-1.07556352931768,12.7363419430887,7.25812826585018,6.08230259618026,-2.74636921969328,17.2626257513936,132,n_StrictSupplyDisruption_EventOnset,Real_WTI,WTI crude oil price,gpr_plus_poisson_event_residual_with_current_rawN_control,World
9,5.1486085092844,3.36223944433331,-0.381783235406558,10.6790002539754,2.79432597397422,6.56179662229727,-7.99886899952937,13.5875209474778,131,n_StrictSupplyDisruption_EventOnset,Real_WTI,WTI crude oil price,gpr_plus_poisson_event_residual_with_current_rawN_control,World
10,2.58346955818513,2.29757922084437,-1.19571195642907,6.36265107279932,-4.25329794261961,6.10995106996247,-14.3032731205434,5.79667723530418,130,n_StrictSupplyDisruption_EventOnset,Real_WTI,WTI crude oil price,gpr_plus_poisson_event_residual_with_current_rawN_control,World
11,2.92467839060593,1.93818356640503,-0.263349878293123,6.11270665950499,-1.39042652856346,4.15961146656767,-8.23237853605623,5.4515254789293,129,n_StrictSupplyDisruption_EventOnset,Real_WTI,WTI crude oil price,gpr_plus_poisson_event_residual_with_current_rawN_control,World
12,2.52169760569651,2.35343215893804,-1.34935381671696,6.39274902810998,-4.69599626181538,5.59311652541755,-13.8958542646107,4.5038617409799,128,n_StrictSupplyDisruption_EventOnset,Real_WTI,WTI crude oil price,gpr_plus_poisson_event_residual_with_current_rawN_control,World
0,-0.113614126146382,1.21510764296541,-2.11228833981449,1.88506008752173,0.142350921631058,2.08700496337208,-3.29046676183723,3.57516860509934,140,n_StrictSupplyDisruption_EventOnset,Real_Gasoline,Gasoline price,gpr_plus_poisson_event_residual_with_current_rawN_control,World
1,-1.6440019435269,1.74388976554094,-4.51244534938047,1.22444146232667,-4.30240561379628,2.7383018369074,-8.80651132192129,0.201700094328743,139,n_StrictSupplyDisruption_EventOnset,Real_Gasoline,Gasoline price,gpr_plus_poisson_event_residual_with_current_rawN_control,World
2,-2.52631835636529,1.10624835929729,-4.34593498246456,-0.706701730266025,-4.41886871294557,1.7358960973554,-7.27416370469151,-1.56357372119964,138,n_StrictSupplyDisruption_EventOnset,Real_Gasoline,Gasoline price,gpr_plus_poisson_event_residual_with_current_rawN_control,World
3,0.0641681308231425,1.22472034560653,-1.95031757164902,2.0786538332953,1.01994929713319,2.29960424930199,-2.7625630928842,4.80246168715058,137,n_StrictSupplyDisruption_EventOnset,Real_Gasoline,Gasoline price,gpr_plus_poisson_event_residual_with_current_rawN_control,World
4,1.44650004194349,2.24655093419444,-2.24874741029745,5.14174749418443,1.29479429026816,3.18917137719283,-3.95092581647729,6.54051439701361,136,n_StrictSupplyDisruption_EventOnset,Real_Gasoline,Gasoline price,gpr_plus_poisson_event_residual_with_current_rawN_control,World
5,2.87469595098962,2.28940525826121,-0.891040591623113,6.64043249360235,0.748057964600835,3.48735910378238,-4.98813730573786,6.48425323493953,135,n_StrictSupplyDisruption_EventOnset,Real_Gasoline,Gasoline price,gpr_plus_poisson_event_residual_with_current_rawN_control,World
6,3.06158864797613,1.85598574851074,0.00876375796798667,6.11441353798427,2.65012887184064,2.91556900068485,-2.14555537356311,7.4458131172444,134,n_StrictSupplyDisruption_EventOnset,Real_Gasoline,Gasoline price,gpr_plus_poisson_event_residual_with_current_rawN_control,World
7,3.55017585570276,2.06179059263829,0.158832121387247,6.94151959001828,5.61213339170689,3.0891552432555,0.530925185621929,10.6933415977919,133,n_StrictSupplyDisruption_EventOnset,Real_Gasoline,Gasoline price,gpr_plus_poisson_event_residual_with_current_rawN_control,World
8,3.30703303664696,2.24993677844482,-0.393783633789506,7.00784970708343,5.07559387191048,2.88932166234073,0.323082656179869,9.82810508764109,132,n_StrictSupplyDisruption_EventOnset,Real_Gasoline,Gasoline price,gpr_plus_poisson_event_residual_with_current_rawN_control,World
9,1.95597225490295,2.1054365583575,-1.50716270442762,5.41910721423351,-1.18413218921111,3.55921235168965,-7.03851553497831,4.67025115655608,131,n_StrictSupplyDisruption_EventOnset,Real_Gasoline,Gasoline price,gpr_plus_poisson_event_residual_with_current_rawN_control,World
10,0.775256755934366,1.17445363950852,-1.15654757269759,2.70706108456632,-3.88471596887007,3.11464642795944,-9.0078534425706,1.23842150483046,130,n_StrictSupplyDisruption_EventOnset,Real_Gasoline,Gasoline price,gpr_plus_poisson_event_residual_with_current_rawN_control,World
11,0.688424053230008,1.41938030098268,-1.64624878286483,3.02309688932485,-1.661664207713,2.74710961057269,-6.18025741429674,2.85692899887073,129,n_StrictSupplyDisruption_EventOnset,Real_Gasoline,Gasoline price,gpr_plus_poisson_event_residual_with_current_rawN_control,World
12,1.44403906891346,1.26685912124583,-0.639758751504301,3.52783688933123,-1.06975685294346,3.28797776501464,-6.4779990050636,4.33848529917667,128,n_StrictSupplyDisruption_EventOnset,Real_Gasoline,Gasoline price,gpr_plus_poisson_event_residual_with_current_rawN_control,World
0,0.160782984895602,0.158747878011672,-0.100334038022746,0.42190000781395,0.27756048528267,0.295461764791853,-0.208430870160692,0.763551840726033,140,n_StrictSupplyDisruption_EventOnset,inv_OECD,OECD inventory,gpr_plus_poisson_event_residual_with_current_rawN_control,World
1,0.0351384214769892,0.257013531318987,-0.387611217688652,0.45788806064263,0.212990013828862,0.600823111868095,-0.775276060883644,1.20125608854137,139,n_StrictSupplyDisruption_EventOnset,inv_OECD,OECD inventory,gpr_plus_poisson_event_residual_with_current_rawN_control,World
2,-0.0848806186715968,0.210863626988989,-0.431720420316577,0.261959182973383,0.0903502571203712,0.426880949339399,-0.611806420677027,0.79250693491777,138,n_StrictSupplyDisruption_EventOnset,inv_OECD,OECD inventory,gpr_plus_poisson_event_residual_with_current_rawN_control,World
3,-0.408630953122764,0.223491946211926,-0.776242491443894,-0.0410194148016341,-0.155433782228841,0.436867787636873,-0.874017347221618,0.563149782763935,137,n_StrictSupplyDisruption_EventOnset,inv_OECD,OECD inventory,gpr_plus_poisson_event_residual_with_current_rawN_control,World
4,-0.623084816850495,0.268049126122443,-1.06398639415417,-0.182183239546822,-0.262712211059121,0.570005250156145,-1.20028741415984,0.674862992041595,136,n_StrictSupplyDisruption_EventOnset,inv_OECD,OECD inventory,gpr_plus_poisson_event_residual_with_current_rawN_control,World
5,-0.960690936696791,0.3184525240874,-1.4844987259538,-0.436883147439779,-1.26010385308488,0.773884083443248,-2.53302989457652,0.0128221884067625,135,n_StrictSupplyDisruption_EventOnset,inv_OECD,OECD inventory,gpr_plus_poisson_event_residual_with_current_rawN_control,World
6,-1.10265444017706,0.342302871884236,-1.66569256051175,-0.539616319842367,-1.84260262932867,0.774562874971311,-3.11664518352719,-0.568560075130148,134,n_StrictSupplyDisruption_EventOnset,inv_OECD,OECD inventory,gpr_plus_poisson_event_residual_with_current_rawN_control,World
7,-0.84675382998468,0.35973739862042,-1.43846919485557,-0.255038465113794,-1.45154596033437,0.734253569415506,-2.65928560708953,-0.24380631357921,133,n_StrictSupplyDisruption_EventOnset,inv_OECD,OECD inventory,gpr_plus_poisson_event_residual_with_current_rawN_control,World
8,-0.506531638761441,0.283065751235649,-0.972133366347141,-0.0409299111757411,-1.02459481413953,0.574411859854262,-1.96941824518475,-0.0797713830943055,132,n_StrictSupplyDisruption_EventOnset,inv_OECD,OECD inventory,gpr_plus_poisson_event_residual_with_current_rawN_control,World
9,-0.348116818784299,0.242428681093842,-0.746876514158566,0.0506428765899683,-0.978040735617025,0.374289767804379,-1.59369261772088,-0.362388853513168,131,n_StrictSupplyDisruption_EventOnset,inv_OECD,OECD inventory,gpr_plus_poisson_event_residual_with_current_rawN_control,World
10,-0.225039671035606,0.252491941378251,-0.640351956587641,0.19027261451643,-0.459357721253184,0.478320834273175,-1.24612548035387,0.327410037847503,130,n_StrictSupplyDisruption_EventOnset,inv_OECD,OECD inventory,gpr_plus_poisson_event_residual_with_current_rawN_control,World
11,0.164590156106368,0.199494758377755,-0.163549520769091,0.492729832981826,0.375224443834939,0.611952698843197,-0.631348172380036,1.38179706004991,129,n_StrictSupplyDisruption_EventOnset,inv_OECD,OECD inventory,gpr_plus_poisson_event_residual_with_current_rawN_control,World
12,0.53883626092295,0.301926728211308,0.0422109869509897,1.03546153489491,1.17179872115767,0.682125113094692,0.0498027548491797,2.29379468746615,128,n_StrictSupplyDisruption_EventOnset,inv_OECD,OECD inventory,gpr_plus_poisson_event_residual_with_current_rawN_control,World
0,-0.0803997866779865,0.220762690460418,-0.44352209877737,0.282722525421397,0.626438578769879,0.486869146494208,-0.174389902691887,1.42726706023165,140,n_StrictSupplyDisruption_EventOnset,inv_USA,U.S. inventory,gpr_plus_poisson_event_residual_with_current_rawN_control,World
1,-0.0411615413682221,0.364827003738762,-0.641248561677763,0.558925478941319,0.0800172618626295,0.951823816400686,-1.48559359476283,1.64562811848809,139,n_StrictSupplyDisruption_EventOnset,inv_USA,U.S. inventory,gpr_plus_poisson_event_residual_with_current_rawN_control,World
2,-0.330892738233927,0.36210800757762,-0.926507407846147,0.264721931378293,0.0483303212351175,0.738601612289322,-1.16656121961118,1.26322186208141,138,n_StrictSupplyDisruption_EventOnset,inv_USA,U.S. inventory,gpr_plus_poisson_event_residual_with_current_rawN_control,World
3,-0.845561033247066,0.368809270792973,-1.45219829996422,-0.238923766529916,-0.063226644284002,0.807300088440145,-1.39111712279302,1.26466383422501,137,n_StrictSupplyDisruption_EventOnset,inv_USA,U.S. inventory,gpr_plus_poisson_event_residual_with_current_rawN_control,World
4,-0.896399199960231,0.39911897040165,-1.55289148601052,-0.239906913909939,-0.34864164847987,0.966538736248016,-1.93845639438651,1.24117309742677,136,n_StrictSupplyDisruption_EventOnset,inv_USA,U.S. inventory,gpr_plus_poisson_event_residual_with_current_rawN_control,World
5,-1.50402136670655,0.480520691855654,-2.29440756953056,-0.71363516388255,-1.82210044459026,1.14827636517988,-3.71084698859903,0.066646099418513,135,n_StrictSupplyDisruption_EventOnset,inv_USA,U.S. inventory,gpr_plus_poisson_event_residual_with_current_rawN_control,World
6,-1.90880408456642,0.519153716861995,-2.76273595869221,-1.05487221044063,-2.74585934480556,1.25885687285887,-4.81649463794025,-0.675224051670855,134,n_StrictSupplyDisruption_EventOnset,inv_USA,U.S. inventory,gpr_plus_poisson_event_residual_with_current_rawN_control,World
7,-1.60514635505806,0.553724595176663,-2.51594226376663,-0.694350446349489,-2.16541420236278,1.25043760665269,-4.22220103494197,-0.108627369783583,133,n_StrictSupplyDisruption_EventOnset,inv_USA,U.S. inventory,gpr_plus_poisson_event_residual_with_current_rawN_control,World
8,-0.975138123935639,0.469193816798014,-1.74689327523906,-0.203382972632222,-1.58899289183974,1.13031136639338,-3.44818964243636,0.270203858756877,132,n_StrictSupplyDisruption_EventOnset,inv_USA,U.S. inventory,gpr_plus_poisson_event_residual_with_current_rawN_control,World
9,-0.646240184889501,0.361889594499559,-1.2414955969581,-0.0509847728209037,-1.61620140839355,0.613912764482527,-2.62599804568444,-0.606404771102657,131,n_StrictSupplyDisruption_EventOnset,inv_USA,U.S. inventory,gpr_plus_poisson_event_residual_with_current_rawN_control,World
10,-0.336207651810165,0.502132229972369,-1.16214167148945,0.489726367869117,-0.585278354322715,0.943014373179448,-2.1363989663143,0.96584225766887,130,n_StrictSupplyDisruption_EventOnset,inv_USA,U.S. inventory,gpr_plus_poisson_event_residual_with_current_rawN_control,World
11,0.212599852412904,0.252855464285268,-0.203310375111218,0.628510079937025,0.0360697899655482,0.881540839811171,-1.4139358577037,1.4860754376348,129,n_StrictSupplyDisruption_EventOnset,inv_USA,U.S. inventory,gpr_plus_poisson_event_residual_with_current_rawN_control,World
12,0.846311507104639,0.306926034375657,0.341463106256008,1.35115990795327,1.63843141298867,0.788539372200108,0.341399566631286,2.93546325934606,128,n_StrictSupplyDisruption_EventOnset,inv_USA,U.S. inventory,gpr_plus_poisson_event_residual_with_current_rawN_control,World
0,-0.11003092372026,0.107359232384594,-0.286621146494786,0.0665592990542647,-0.435393848317915,0.315491384199956,-0.954330995891153,0.0835432992553237,140,n_StrictSupplyDisruption_EventOnset,WorldCP,World crude-oil production,gpr_plus_poisson_event_residual_with_current_rawN_control,World
1,-0.28977349492497,0.129259493387726,-0.502386441441682,-0.0771605484082589,-0.0650253784815793,0.36945879295809,-0.672731014087807,0.542680257124648,139,n_StrictSupplyDisruption_EventOnset,WorldCP,World crude-oil production,gpr_plus_poisson_event_residual_with_current_rawN_control,World
2,-0.350950695053287,0.174528987176453,-0.638025332618642,-0.0638760574879318,-0.404055545743285,0.428373250635315,-1.10866684073977,0.300555749253204,138,n_StrictSupplyDisruption_EventOnset,WorldCP,World crude-oil production,gpr_plus_poisson_event_residual_with_current_rawN_control,World
3,-0.0832887494888048,0.257716135814428,-0.507194070207085,0.340616571229475,-0.20016874468352,0.502214396887199,-1.02623791691068,0.625900427543636,137,n_StrictSupplyDisruption_EventOnset,WorldCP,World crude-oil production,gpr_plus_poisson_event_residual_with_current_rawN_control,World
4,0.103682573394046,0.309683158206719,-0.405700892588063,0.613066039376154,0.322323876734948,0.506238865943236,-0.510364958015583,1.15501271148548,136,n_StrictSupplyDisruption_EventOnset,WorldCP,World crude-oil production,gpr_plus_poisson_event_residual_with_current_rawN_control,World
5,0.325281938567501,0.242982453672783,-0.074388631641744,0.724952508776745,0.879857501288575,0.546384565991782,-0.018865133793314,1.77858013637046,135,n_StrictSupplyDisruption_EventOnset,WorldCP,World crude-oil production,gpr_plus_poisson_event_residual_with_current_rawN_control,World
6,0.625702117122964,0.227144571123637,0.252082545467914,0.999321688778015,1.33888902833627,0.625600407994236,0.309867928224633,2.36791012844791,134,n_StrictSupplyDisruption_EventOnset,WorldCP,World crude-oil production,gpr_plus_poisson_event_residual_with_current_rawN_control,World
7,0.668379696283751,0.302081008142093,0.171500654408072,1.16525873815943,1.4255843027414,0.744123769040418,0.201609622334465,2.64955898314833,133,n_StrictSupplyDisruption_EventOnset,WorldCP,World crude-oil production,gpr_plus_poisson_event_residual_with_current_rawN_control,World
8,0.691401506410004,0.224865751756939,0.321530259055434,1.06127275376457,1.77869441005823,0.637605449088811,0.729926774560475,2.82746204555598,132,n_StrictSupplyDisruption_EventOnset,WorldCP,World crude-oil production,gpr_plus_poisson_event_residual_with_current_rawN_control,World
9,0.867781349508415,0.219215013802286,0.507204738973507,1.22835796004332,1.9614744433256,0.676613801321697,0.848543778176186,3.07440510847502,131,n_StrictSupplyDisruption_EventOnset,WorldCP,World crude-oil production,gpr_plus_poisson_event_residual_with_current_rawN_control,World
10,0.890492985993862,0.28135319560889,0.427708161742192,1.35327781024553,2.25599565584774,0.665665049627532,1.16107408463306,3.35091722706242,130,n_StrictSupplyDisruption_EventOnset,WorldCP,World crude-oil production,gpr_plus_poisson_event_residual_with_current_rawN_control,World
11,0.839435158282916,0.26731370294824,0.399743244454675,1.27912707211116,1.92132038361762,0.632297070191278,0.881284254402704,2.96135651283253,129,n_StrictSupplyDisruption_EventOnset,WorldCP,World crude-oil production,gpr_plus_poisson_event_residual_with_current_rawN_control,World
12,0.555728601443439,0.248847516910094,0.146410860696003,0.965046342190876,1.44610761617739,0.498040791894453,0.626903413260011,2.26531181909476,128,n_StrictSupplyDisruption_EventOnset,WorldCP,World crude-oil production,gpr_plus_poisson_event_residual_with_current_rawN_control,World
0,-1.18954490240947,1.19379520219822,-3.15316327058248,0.774073465763547,-2.38316534978922,1.54994605509188,-4.93259974008622,0.166269040507775,140,n_ChokepointShippingRisk_EventOnset,Real_Brent,Brent crude oil price,gpr_plus_poisson_event_residual_with_current_rawN_control,World
1,-2.1704251645202,1.90880667305523,-5.31013274384427,0.969282414803868,-0.233462208965142,1.99636826338148,-3.51719578771899,3.0502713697887,139,n_ChokepointShippingRisk_EventOnset,Real_Brent,Brent crude oil price,gpr_plus_poisson_event_residual_with_current_rawN_control,World
2,-1.20345121964582,1.84365965225238,-4.23600148551723,1.82909904622559,-0.942101215120816,1.85543595901774,-3.99402178188732,2.10981935164569,138,n_ChokepointShippingRisk_EventOnset,Real_Brent,Brent crude oil price,gpr_plus_poisson_event_residual_with_current_rawN_control,World
3,2.15506056366799,2.07338913407604,-1.25536107359876,5.56548220093474,1.80105041868187,2.40701706363865,-2.15814032857825,5.76024116594198,137,n_ChokepointShippingRisk_EventOnset,Real_Brent,Brent crude oil price,gpr_plus_poisson_event_residual_with_current_rawN_control,World
4,3.91756848897893,3.19145443198483,-1.33190690872167,9.16704388667953,3.2896012766805,3.1149267214896,-1.83399723884973,8.41319979221074,136,n_ChokepointShippingRisk_EventOnset,Real_Brent,Brent crude oil price,gpr_plus_poisson_event_residual_with_current_rawN_control,World
5,6.24383182486893,3.56333815135718,0.382662142554508,12.1050015071833,4.23291831317863,3.49767944893613,-1.52025241431759,9.98608904067485,135,n_ChokepointShippingRisk_EventOnset,Real_Brent,Brent crude oil price,gpr_plus_poisson_event_residual_with_current_rawN_control,World
6,5.92006788899459,3.66485229634758,-0.108077702894164,11.9482134808834,4.32083273911279,3.52181904386488,-1.47204408865512,10.1137095668807,134,n_ChokepointShippingRisk_EventOnset,Real_Brent,Brent crude oil price,gpr_plus_poisson_event_residual_with_current_rawN_control,World
7,6.01200039053776,4.23588380471608,-0.955408448994486,12.97940923007,7.96149378711828,3.88503492741471,1.57117999592705,14.3518075783095,133,n_ChokepointShippingRisk_EventOnset,Real_Brent,Brent crude oil price,gpr_plus_poisson_event_residual_with_current_rawN_control,World
8,5.84181617971286,3.96225320523901,-0.675510375824622,12.3591427352503,7.66743618667664,3.52188874025931,1.87444471854156,13.4604276548117,132,n_ChokepointShippingRisk_EventOnset,Real_Brent,Brent crude oil price,gpr_plus_poisson_event_residual_with_current_rawN_control,World
9,5.95752963907602,3.32676654137751,0.48548562747041,11.4295736506816,6.84495281858625,3.61734661076171,0.894947125934237,12.7949585112383,131,n_ChokepointShippingRisk_EventOnset,Real_Brent,Brent crude oil price,gpr_plus_poisson_event_residual_with_current_rawN_control,World
10,4.57565833140102,2.45427366163961,0.538737397521645,8.6125792652804,5.34811777209037,3.97394808969523,-1.18844515656172,11.8846807007425,130,n_ChokepointShippingRisk_EventOnset,Real_Brent,Brent crude oil price,gpr_plus_poisson_event_residual_with_current_rawN_control,World
11,3.99486505555621,1.80347251314839,1.02841675119679,6.96131335991563,4.8331549112425,2.91918681469491,0.0315198913426702,9.63478993114234,129,n_ChokepointShippingRisk_EventOnset,Real_Brent,Brent crude oil price,gpr_plus_poisson_event_residual_with_current_rawN_control,World
12,3.86993188787853,2.02735253384268,0.535233719478137,7.20463005627892,1.63647109311144,2.57788069592271,-2.60376531942523,5.8767075056481,128,n_ChokepointShippingRisk_EventOnset,Real_Brent,Brent crude oil price,gpr_plus_poisson_event_residual_with_current_rawN_control,World
0,-0.507904411153455,1.21301396474651,-2.50313483060954,1.48732600830263,-1.8532273357618,1.5501894180798,-4.40306202255216,0.696607351028551,140,n_ChokepointShippingRisk_EventOnset,Real_WTI,WTI crude oil price,gpr_plus_poisson_event_residual_with_current_rawN_control,World
1,-1.35531654833936,1.98566970946725,-4.62145257188424,1.91081947520551,-0.158542883825144,1.97795161736087,-3.4119837755757,3.09489800792541,139,n_ChokepointShippingRisk_EventOnset,Real_WTI,WTI crude oil price,gpr_plus_poisson_event_residual_with_current_rawN_control,World
2,-0.996846360408131,1.7866538507722,-3.93563042695759,1.94193770614133,-0.700666905627307,1.69459151864485,-3.48802191127149,2.08668810001687,138,n_ChokepointShippingRisk_EventOnset,Real_WTI,WTI crude oil price,gpr_plus_poisson_event_residual_with_current_rawN_control,World
3,2.51484221710067,1.9624804007012,-0.713150787813871,5.74283522201521,2.36429117588729,2.45193023262953,-1.66877516028535,6.39735751205994,137,n_ChokepointShippingRisk_EventOnset,Real_WTI,WTI crude oil price,gpr_plus_poisson_event_residual_with_current_rawN_control,World
4,4.23221070766125,3.06895780653714,-0.815775671382411,9.2801970867049,2.66727132903833,3.03920583148188,-2.3317774059267,7.66632006400337,136,n_ChokepointShippingRisk_EventOnset,Real_WTI,WTI crude oil price,gpr_plus_poisson_event_residual_with_current_rawN_control,World
5,6.38473047321001,3.36209757427498,0.854572083999065,11.914888862421,4.30566958132347,3.21851096976566,-0.988309860678668,9.59964902332561,135,n_ChokepointShippingRisk_EventOnset,Real_WTI,WTI crude oil price,gpr_plus_poisson_event_residual_with_current_rawN_control,World
6,6.63575597013952,3.27744992709723,1.24483057040179,12.0266813698772,4.38651843558236,3.03779354322755,-0.610207291925231,9.38324416308996,134,n_ChokepointShippingRisk_EventOnset,Real_WTI,WTI crude oil price,gpr_plus_poisson_event_residual_with_current_rawN_control,World
7,6.17333464313097,3.64086648430659,0.184642201173228,12.1620270850887,7.94887031389094,3.67121009078546,1.91026708076163,13.9874735470203,133,n_ChokepointShippingRisk_EventOnset,Real_WTI,WTI crude oil price,gpr_plus_poisson_event_residual_with_current_rawN_control,World
8,5.70252988032616,3.63099618770634,-0.269927368469594,11.6749871291219,7.09847296038943,3.30379149796762,1.66421953226596,12.5327263885129,132,n_ChokepointShippingRisk_EventOnset,Real_WTI,WTI crude oil price,gpr_plus_poisson_event_residual_with_current_rawN_control,World
9,6.25469821459332,3.09228037914832,1.16834961740034,11.3410468117863,6.94069058120678,3.2681843810496,1.56500564849119,12.3163755139224,131,n_ChokepointShippingRisk_EventOnset,Real_WTI,WTI crude oil price,gpr_plus_poisson_event_residual_with_current_rawN_control,World
10,4.92870556101379,2.22389199330041,1.27072874988527,8.58668237214231,5.19254701209687,3.61487106505044,-0.753386770213275,11.138480794407,130,n_ChokepointShippingRisk_EventOnset,Real_WTI,WTI crude oil price,gpr_plus_poisson_event_residual_with_current_rawN_control,World
11,4.74578410457069,1.83466240709892,1.72803299002252,7.76353521911887,5.15893390510317,2.88877306893317,0.407325045228711,9.91054276497762,129,n_ChokepointShippingRisk_EventOnset,Real_WTI,WTI crude oil price,gpr_plus_poisson_event_residual_with_current_rawN_control,World
12,4.08291469259255,2.08574346462039,0.652171989921369,7.51365739526374,1.88734997654299,2.76161573365524,-2.65510367920608,6.42980363229207,128,n_ChokepointShippingRisk_EventOnset,Real_WTI,WTI crude oil price,gpr_plus_poisson_event_residual_with_current_rawN_control,World
0,-0.584899077829046,1.02314830813086,-2.26782828336735,1.09803012770926,-2.52256555178153,1.158228876644,-4.42768252036935,-0.617448583193722,140,n_ChokepointShippingRisk_EventOnset,Real_Gasoline,Gasoline price,gpr_plus_poisson_event_residual_with_current_rawN_control,World
1,-0.74011932764981,1.75130323858848,-3.62075681153394,2.14051815623431,-1.46331822464211,1.56032904181253,-4.02983110830516,1.10319465902094,139,n_ChokepointShippingRisk_EventOnset,Real_Gasoline,Gasoline price,gpr_plus_poisson_event_residual_with_current_rawN_control,World
2,-1.39427656672935,1.32159253656023,-3.56810284384244,0.779549710383739,-0.629618359682816,1.09686093526954,-2.43379404732231,1.17455732795668,138,n_ChokepointShippingRisk_EventOnset,Real_Gasoline,Gasoline price,gpr_plus_poisson_event_residual_with_current_rawN_control,World
3,0.359427340101507,1.1238847442446,-1.48919855774465,2.20805323794766,1.48313272801139,1.26278629502122,-0.593965889418882,3.56023134544165,137,n_ChokepointShippingRisk_EventOnset,Real_Gasoline,Gasoline price,gpr_plus_poisson_event_residual_with_current_rawN_control,World
4,1.87738279544766,1.96000736453196,-1.34654242695434,5.10130801784965,0.497894452137653,1.37935272349077,-1.77093887794154,2.76672778221684,136,n_ChokepointShippingRisk_EventOnset,Real_Gasoline,Gasoline price,gpr_plus_poisson_event_residual_with_current_rawN_control,World
5,3.10417347213799,2.0615535416133,-0.2867803479393,6.49512729221528,0.309369905944354,1.82378530951646,-2.6904899751946,3.30922978708331,135,n_ChokepointShippingRisk_EventOnset,Real_Gasoline,Gasoline price,gpr_plus_poisson_event_residual_with_current_rawN_control,World
6,3.27473356411339,1.75186511210841,0.393171880532117,6.15629524769466,2.80659641875843,1.76639914617779,-0.0988716234761022,5.71206446099295,134,n_ChokepointShippingRisk_EventOnset,Real_Gasoline,Gasoline price,gpr_plus_poisson_event_residual_with_current_rawN_control,World
7,3.01123673360087,1.69672448297776,0.220373313837545,5.8021001533642,4.16677047360729,1.91307578569934,1.02004082886668,7.31350011834789,133,n_ChokepointShippingRisk_EventOnset,Real_Gasoline,Gasoline price,gpr_plus_poisson_event_residual_with_current_rawN_control,World
8,2.9360156730283,1.94442834425156,-0.262284341361116,6.13431568741772,3.8477608347458,1.68269803242389,1.07996887304927,6.61555279644234,132,n_ChokepointShippingRisk_EventOnset,Real_Gasoline,Gasoline price,gpr_plus_poisson_event_residual_with_current_rawN_control,World
9,2.95418299878313,2.0650488288731,-0.442520057220673,6.35088605478693,2.61407998615007,2.04975988315322,-0.757474992034142,5.98563496433427,131,n_ChokepointShippingRisk_EventOnset,Real_Gasoline,Gasoline price,gpr_plus_poisson_event_residual_with_current_rawN_control,World
10,2.38961177930183,1.11431547884142,0.556725922361346,4.22249763624231,2.55379659046071,2.35295235766022,-1.31646562908073,6.42405881000215,130,n_ChokepointShippingRisk_EventOnset,Real_Gasoline,Gasoline price,gpr_plus_poisson_event_residual_with_current_rawN_control,World
11,1.84293067743556,1.08696658941722,0.0550297404575764,3.63083161441354,2.99458758695884,2.07937066592664,-0.425672794667096,6.41484796858477,129,n_ChokepointShippingRisk_EventOnset,Real_Gasoline,Gasoline price,gpr_plus_poisson_event_residual_with_current_rawN_control,World
12,1.67981335135199,1.15792478595698,-0.224803432566353,3.58443013527033,0.306888160090655,2.1065471461111,-3.15807355353446,3.77184987371577,128,n_ChokepointShippingRisk_EventOnset,Real_Gasoline,Gasoline price,gpr_plus_poisson_event_residual_with_current_rawN_control,World
0,0.127024201919802,0.139272330805287,-0.10205839653926,0.356106800378864,-0.0994195619661483,0.185016674193288,-0.403744909559477,0.20490578562718,140,n_ChokepointShippingRisk_EventOnset,inv_OECD,OECD inventory,gpr_plus_poisson_event_residual_with_current_rawN_control,World
1,-0.0414865099504778,0.216328251581769,-0.397314819176821,0.314341799275866,-0.280770558939425,0.290088441257277,-0.757923583678156,0.196382465799307,139,n_ChokepointShippingRisk_EventOnset,inv_OECD,OECD inventory,gpr_plus_poisson_event_residual_with_current_rawN_control,World
2,-0.145653151704017,0.187374880564123,-0.453857403599513,0.162551100191479,-0.128990656256741,0.227010782852704,-0.502390165789104,0.244408853275623,138,n_ChokepointShippingRisk_EventOnset,inv_OECD,OECD inventory,gpr_plus_poisson_event_residual_with_current_rawN_control,World
3,-0.387580367830594,0.191233484808941,-0.702131458913151,-0.0730292767480382,-0.011992520705343,0.246167738474044,-0.416902418172816,0.39291737676213,137,n_ChokepointShippingRisk_EventOnset,inv_OECD,OECD inventory,gpr_plus_poisson_event_residual_with_current_rawN_control,World
4,-0.642100166576184,0.244426232480751,-1.04414554159423,-0.240054791558137,-0.45577454727447,0.38716514942805,-1.09260454754041,0.181055452991467,136,n_ChokepointShippingRisk_EventOnset,inv_OECD,OECD inventory,gpr_plus_poisson_event_residual_with_current_rawN_control,World
5,-0.849230933154017,0.262342791038353,-1.28074642449802,-0.417715441810011,-0.831690699799724,0.34929785705123,-1.40623454685682,-0.257146852742631,135,n_ChokepointShippingRisk_EventOnset,inv_OECD,OECD inventory,gpr_plus_poisson_event_residual_with_current_rawN_control,World
6,-0.829477031195248,0.24989313117359,-1.24051465435639,-0.418439408034109,-0.878424258206082,0.316152448160055,-1.39844875923174,-0.358399757180428,134,n_ChokepointShippingRisk_EventOnset,inv_OECD,OECD inventory,gpr_plus_poisson_event_residual_with_current_rawN_control,World
7,-0.612742000149082,0.233704748319079,-0.9971521030575,-0.228331897240664,-0.750438953386252,0.290027937581294,-1.2274924584341,-0.273385448338404,133,n_ChokepointShippingRisk_EventOnset,inv_OECD,OECD inventory,gpr_plus_poisson_event_residual_with_current_rawN_control,World
8,-0.448537373576608,0.220625555181947,-0.811434118215817,-0.0856406289373999,-1.09002678601694,0.417323555856001,-1.77646295047897,-0.403590621554915,132,n_ChokepointShippingRisk_EventOnset,inv_OECD,OECD inventory,gpr_plus_poisson_event_residual_with_current_rawN_control,World
9,-0.398767435013153,0.224011893375759,-0.767234210312536,-0.0303006597137693,-1.42965483449525,0.2955508363489,-1.91579269961228,-0.94351696937822,131,n_ChokepointShippingRisk_EventOnset,inv_OECD,OECD inventory,gpr_plus_poisson_event_residual_with_current_rawN_control,World
10,-0.2727594691375,0.23003989544313,-0.65114142550067,0.105622487225669,-0.965797814334448,0.255339661886645,-1.38579418329326,-0.545801445375637,130,n_ChokepointShippingRisk_EventOnset,inv_OECD,OECD inventory,gpr_plus_poisson_event_residual_with_current_rawN_control,World
11,-0.0266869954465883,0.217539070153555,-0.384506923992314,0.331132933099138,-0.717400670559736,0.202901216527109,-1.05114347247722,-0.383657868642254,129,n_ChokepointShippingRisk_EventOnset,inv_OECD,OECD inventory,gpr_plus_poisson_event_residual_with_current_rawN_control,World
12,0.220519814546879,0.277707496446187,-0.236268368214246,0.677307997308003,-0.400469635320245,0.193092411347594,-0.718078388462141,-0.0828608821783487,128,n_ChokepointShippingRisk_EventOnset,inv_OECD,OECD inventory,gpr_plus_poisson_event_residual_with_current_rawN_control,World
0,-0.231501388223498,0.233500098431304,-0.615574872021754,0.152572095574758,-0.223341755781489,0.387718426447922,-0.861081815760272,0.414398304197293,140,n_ChokepointShippingRisk_EventOnset,inv_USA,U.S. inventory,gpr_plus_poisson_event_residual_with_current_rawN_control,World
1,-0.0825501442374571,0.314131718186494,-0.59925084023701,0.434150551762096,-0.567180347007542,0.509645210288514,-1.40547211960905,0.271111425593966,139,n_ChokepointShippingRisk_EventOnset,inv_USA,U.S. inventory,gpr_plus_poisson_event_residual_with_current_rawN_control,World
2,-0.450136966381715,0.322206258953471,-0.980119100047797,0.0798451672843674,-0.464505691830972,0.335401587624913,-1.01619220972109,0.087180826059148,138,n_ChokepointShippingRisk_EventOnset,inv_USA,U.S. inventory,gpr_plus_poisson_event_residual_with_current_rawN_control,World
3,-0.941396969222619,0.333253900430666,-1.48955085604172,-0.393243082403513,-0.470620213039392,0.400297698531461,-1.12905133432919,0.187810908250408,137,n_ChokepointShippingRisk_EventOnset,inv_USA,U.S. inventory,gpr_plus_poisson_event_residual_with_current_rawN_control,World
4,-1.07280127927613,0.356559392423007,-1.65928928912672,-0.486313269425529,-1.14038879505105,0.56969557786924,-2.07745463256749,-0.203322957534618,136,n_ChokepointShippingRisk_EventOnset,inv_USA,U.S. inventory,gpr_plus_poisson_event_residual_with_current_rawN_control,World
5,-1.35938874648851,0.374918315050827,-1.97607449681039,-0.742702996166618,-1.44125571694774,0.515797478852003,-2.28966707080988,-0.592844363085596,135,n_ChokepointShippingRisk_EventOnset,inv_USA,U.S. inventory,gpr_plus_poisson_event_residual_with_current_rawN_control,World
6,-1.51519866531045,0.357488696577867,-2.1032152444707,-0.927182086150188,-1.34782400584197,0.483800779152399,-2.14360547215274,-0.552042539531197,134,n_ChokepointShippingRisk_EventOnset,inv_USA,U.S. inventory,gpr_plus_poisson_event_residual_with_current_rawN_control,World
7,-1.33432296759767,0.363889403484965,-1.93286777272912,-0.735778162466219,-1.41795145390679,0.49921949520769,-2.23909445124404,-0.596808456569534,133,n_ChokepointShippingRisk_EventOnset,inv_USA,U.S. inventory,gpr_plus_poisson_event_residual_with_current_rawN_control,World
8,-0.95797862653899,0.355118929489391,-1.54209728570874,-0.373859967369241,-1.79293598062674,0.632149551294455,-2.83272946284917,-0.753142498404314,132,n_ChokepointShippingRisk_EventOnset,inv_USA,U.S. inventory,gpr_plus_poisson_event_residual_with_current_rawN_control,World
9,-0.73231364440652,0.305935733881834,-1.23553314589611,-0.229094142916925,-2.2321641767493,0.449537515724705,-2.97158758993984,-1.49274076355877,131,n_ChokepointShippingRisk_EventOnset,inv_USA,U.S. inventory,gpr_plus_poisson_event_residual_with_current_rawN_control,World
10,-0.457737582893813,0.396808238715676,-1.11042905354952,0.194953887761892,-1.43918516517927,0.522344646144016,-2.29836565090794,-0.580004679450603,130,n_ChokepointShippingRisk_EventOnset,inv_USA,U.S. inventory,gpr_plus_poisson_event_residual_with_current_rawN_control,World
11,-0.0648854779756841,0.312060406015907,-0.578179168638898,0.44840821268753,-1.5114794836735,0.419262641050797,-2.20110515945115,-0.82185380789584,129,n_ChokepointShippingRisk_EventOnset,inv_USA,U.S. inventory,gpr_plus_poisson_event_residual_with_current_rawN_control,World
12,0.348222159087398,0.378025587249539,-0.273574599180467,0.970018917355262,-0.868560422984172,0.436417250181541,-1.58640291980947,-0.150717926158876,128,n_ChokepointShippingRisk_EventOnset,inv_USA,U.S. inventory,gpr_plus_poisson_event_residual_with_current_rawN_control,World
0,-0.0324946335501994,0.101046003537821,-0.198700518958335,0.133711251857937,-0.197765318940536,0.17996880164854,-0.493787655070248,0.098257017189175,140,n_ChokepointShippingRisk_EventOnset,WorldCP,World crude-oil production,gpr_plus_poisson_event_residual_with_current_rawN_control,World
1,-0.268937386331527,0.117326342725031,-0.461922046699746,-0.0759527259633076,-0.119073106576575,0.2829791649849,-0.584532412453687,0.346386199300536,139,n_ChokepointShippingRisk_EventOnset,WorldCP,World crude-oil production,gpr_plus_poisson_event_residual_with_current_rawN_control,World
2,-0.353774969858286,0.162469813851987,-0.621014032442856,-0.086535907273715,-0.629662945646777,0.237086211129501,-1.01963505992332,-0.239690831370235,138,n_ChokepointShippingRisk_EventOnset,WorldCP,World crude-oil production,gpr_plus_poisson_event_residual_with_current_rawN_control,World
3,-0.148429197838641,0.215592487257684,-0.503047282447932,0.206188886770649,-0.721511972787062,0.370735575733052,-1.33131772917152,-0.111706216402609,137,n_ChokepointShippingRisk_EventOnset,WorldCP,World crude-oil production,gpr_plus_poisson_event_residual_with_current_rawN_control,World
4,0.00973716788858878,0.261290919327963,-0.420048148457496,0.439522484234673,-0.0820208331446172,0.322764369018549,-0.612920976175481,0.448879309886247,136,n_ChokepointShippingRisk_EventOnset,WorldCP,World crude-oil production,gpr_plus_poisson_event_residual_with_current_rawN_control,World
5,0.188485672393199,0.240865879677981,-0.207703443403986,0.584674788190383,0.0664238771628214,0.307480022531628,-0.439335753113447,0.57218350743909,135,n_ChokepointShippingRisk_EventOnset,WorldCP,World crude-oil production,gpr_plus_poisson_event_residual_with_current_rawN_control,World
6,0.395162122487062,0.193020987933564,0.0776708504067833,0.712653394567341,-0.0370409436356945,0.304808360726786,-0.538406081302282,0.464324194030893,134,n_ChokepointShippingRisk_EventOnset,WorldCP,World crude-oil production,gpr_plus_poisson_event_residual_with_current_rawN_control,World
7,0.377905281340531,0.1770090525359,0.086751299273613,0.669059263407449,0.0609577566788458,0.293220832136906,-0.421347592559273,0.543263105916964,133,n_ChokepointShippingRisk_EventOnset,WorldCP,World crude-oil production,gpr_plus_poisson_event_residual_with_current_rawN_control,World
8,0.303241090731347,0.166815155566888,0.0288545770666773,0.577627604396016,0.257466712948396,0.245057249035491,-0.145616591938381,0.660550017835174,132,n_ChokepointShippingRisk_EventOnset,WorldCP,World crude-oil production,gpr_plus_poisson_event_residual_with_current_rawN_control,World
9,0.503892850596726,0.171020792312321,0.222588680077691,0.785197021115762,0.592804917082543,0.319827430292091,0.0667356083680286,1.11887422579706,131,n_ChokepointShippingRisk_EventOnset,WorldCP,World crude-oil production,gpr_plus_poisson_event_residual_with_current_rawN_control,World
10,0.405207484650693,0.192570150061133,0.0884577748800489,0.721957194421337,0.399787426910349,0.334771359666889,-0.15086245823721,0.950437312057907,130,n_ChokepointShippingRisk_EventOnset,WorldCP,World crude-oil production,gpr_plus_poisson_event_residual_with_current_rawN_control,World
11,0.355097451154274,0.275764202651989,-0.0984942977612305,0.808689200069779,0.242011749698473,0.278419553773367,-0.215947663139861,0.699971162536806,129,n_ChokepointShippingRisk_EventOnset,WorldCP,World crude-oil production,gpr_plus_poisson_event_residual_with_current_rawN_control,World
12,0.208911804953572,0.332484705946113,-0.337976869527786,0.755800479434931,0.310828118458269,0.205102215745171,-0.0265350050059592,0.648191241922497,128,n_ChokepointShippingRisk_EventOnset,WorldCP,World crude-oil production,gpr_plus_poisson_event_residual_with_current_rawN_control,World
0,-1.08249581492135,1.26977608380806,-3.17109161178928,1.00609998194658,-1.06201476565329,1.95936607755615,-4.2848851648472,2.16085563354062,140,n_EnergySanction_EventOnset,Real_Brent,Brent crude oil price,gpr_plus_poisson_event_residual_with_current_rawN_control,World
1,-2.72066616628809,1.70301867200116,-5.52188260569527,0.0805502731190875,-3.70646867559333,2.71907996162461,-8.17895721244265,0.766019861255983,139,n_EnergySanction_EventOnset,Real_Brent,Brent crude oil price,gpr_plus_poisson_event_residual_with_current_rawN_control,World
2,-1.72413051201457,1.54225984371286,-4.26092220964728,0.812661185618145,-2.03684511653158,3.65754454365029,-8.05297052489132,3.97928029182817,138,n_EnergySanction_EventOnset,Real_Brent,Brent crude oil price,gpr_plus_poisson_event_residual_with_current_rawN_control,World
3,1.43808445592601,1.94459193732933,-1.76048464513073,4.63665355698275,1.5613502366895,3.44283131487761,-4.10160333856905,7.22430381194805,137,n_EnergySanction_EventOnset,Real_Brent,Brent crude oil price,gpr_plus_poisson_event_residual_with_current_rawN_control,World
4,2.71400267469205,2.96715616769172,-2.16653490946711,7.5945402588512,4.89526153388312,5.03596732908753,-3.38816759257562,13.1786906603419,136,n_EnergySanction_EventOnset,Real_Brent,Brent crude oil price,gpr_plus_poisson_event_residual_with_current_rawN_control,World
5,5.5849459984426,3.51434566496109,-0.195638214929828,11.365530211815,7.70831332458512,6.58216781033519,-3.11838927144795,18.5350159206182,135,n_EnergySanction_EventOnset,Real_Brent,Brent crude oil price,gpr_plus_poisson_event_residual_with_current_rawN_control,World
6,4.87031491007125,3.45276124187528,-0.808971941624774,10.5496017617673,6.51431541861634,7.01658174083593,-5.02693450659913,18.0555653438318,134,n_EnergySanction_EventOnset,Real_Brent,Brent crude oil price,gpr_plus_poisson_event_residual_with_current_rawN_control,World
7,4.55173346657684,4.01785830102597,-2.0570553324428,11.1605222655965,7.3494069622128,7.91283551084467,-5.66604922727046,20.3648631516961,133,n_EnergySanction_EventOnset,Real_Brent,Brent crude oil price,gpr_plus_poisson_event_residual_with_current_rawN_control,World
8,4.00563489881928,3.71211695436911,-2.1002541372428,10.1115239348814,2.82447469862403,5.10819217056804,-5.57775372029993,11.226703117548,132,n_EnergySanction_EventOnset,Real_Brent,Brent crude oil price,gpr_plus_poisson_event_residual_with_current_rawN_control,World
9,4.15354399268114,3.23128055950416,-1.16143955531707,9.46852754067934,1.5234622798821,4.12211880417868,-5.25681978589607,8.30374434566028,131,n_EnergySanction_EventOnset,Real_Brent,Brent crude oil price,gpr_plus_poisson_event_residual_with_current_rawN_control,World
10,2.63161945620337,2.37447420739707,-1.27404305593642,6.53728196834316,-1.94450721854624,3.31325789187353,-7.39433147902002,3.50531704192753,130,n_EnergySanction_EventOnset,Real_Brent,Brent crude oil price,gpr_plus_poisson_event_residual_with_current_rawN_control,World
11,2.21926675964208,2.07109719056061,-1.18738496602055,5.6259184853047,-0.499357864697851,4.30646385156678,-7.58286055028288,6.58414482088717,129,n_EnergySanction_EventOnset,Real_Brent,Brent crude oil price,gpr_plus_poisson_event_residual_with_current_rawN_control,World
12,2.36267835737895,2.39038094021929,-1.56914840193642,6.29450511669433,-4.63948403515345,5.16217224052993,-13.1305017679373,3.85153369763041,128,n_EnergySanction_EventOnset,Real_Brent,Brent crude oil price,gpr_plus_poisson_event_residual_with_current_rawN_control,World
0,-0.616932698681898,1.32224765453509,-2.79183654897203,1.55797115160823,-0.969683983925082,1.66790266651016,-3.71313973433635,1.77377176648619,140,n_EnergySanction_EventOnset,Real_WTI,WTI crude oil price,gpr_plus_poisson_event_residual_with_current_rawN_control,World
1,-2.02687069309827,1.8086896065738,-5.00190035250062,0.948158966304074,-3.91022916464344,2.46077144729042,-7.95783800481771,0.137379675530832,139,n_EnergySanction_EventOnset,Real_WTI,WTI crude oil price,gpr_plus_poisson_event_residual_with_current_rawN_control,World
2,-1.62173133992643,1.48787303246573,-4.06906469382098,0.82560201396811,-2.56887435306896,2.96129016768623,-7.43976322584339,2.30201451970547,138,n_EnergySanction_EventOnset,Real_WTI,WTI crude oil price,gpr_plus_poisson_event_residual_with_current_rawN_control,World
3,1.72099097359391,1.87481386377448,-1.36280341009444,4.80478535728226,1.39650364729754,2.93818902360919,-3.43638722485504,6.22939451945012,137,n_EnergySanction_EventOnset,Real_WTI,WTI crude oil price,gpr_plus_poisson_event_residual_with_current_rawN_control,World
4,3.21941623712551,2.91725061593664,-1.57903401922429,8.01786649347532,4.83196653317947,4.75616669631806,-2.99123150764509,12.655164574004,136,n_EnergySanction_EventOnset,Real_WTI,WTI crude oil price,gpr_plus_poisson_event_residual_with_current_rawN_control,World
5,5.81600366021717,3.37241983596389,0.268866661428882,11.3631406590055,7.43235914851597,6.20431280307975,-2.77282726837122,17.6375455654032,135,n_EnergySanction_EventOnset,Real_WTI,WTI crude oil price,gpr_plus_poisson_event_residual_with_current_rawN_control,World
6,5.59591611956076,3.16431072530224,0.391088146245927,10.8007440928756,6.40246632259285,6.28979388933354,-3.94332396905464,16.7482566142403,134,n_EnergySanction_EventOnset,Real_WTI,WTI crude oil price,gpr_plus_poisson_event_residual_with_current_rawN_control,World
7,4.75039019571742,3.51436038808333,-1.03021823503602,10.5309986264709,6.98564012722017,7.19859885903753,-4.85500131503644,18.8262815694768,133,n_EnergySanction_EventOnset,Real_WTI,WTI crude oil price,gpr_plus_poisson_event_residual_with_current_rawN_control,World
8,4.06783949253003,3.51594069673938,-1.71536831464803,9.85104729970808,2.58413543436819,4.76842792491418,-5.25923053278359,10.42750140152,132,n_EnergySanction_EventOnset,Real_WTI,WTI crude oil price,gpr_plus_poisson_event_residual_with_current_rawN_control,World
9,4.49728186426347,3.03882895389933,-0.501146962242995,9.49571069076994,1.25773431307096,3.99421149059348,-5.31215894404297,7.8276275701849,131,n_EnergySanction_EventOnset,Real_WTI,WTI crude oil price,gpr_plus_poisson_event_residual_with_current_rawN_control,World
10,3.12957051855088,2.23018357036019,-0.538755015923669,6.79789605302543,-1.82671584600109,3.15835842609889,-7.02175315838259,3.36832146638041,130,n_EnergySanction_EventOnset,Real_WTI,WTI crude oil price,gpr_plus_poisson_event_residual_with_current_rawN_control,World
11,2.96006389715226,2.02718621653291,-0.374360703617929,6.29448849792244,-0.193403925583798,4.07821942685689,-6.90147794135331,6.51467009018571,129,n_EnergySanction_EventOnset,Real_WTI,WTI crude oil price,gpr_plus_poisson_event_residual_with_current_rawN_control,World
12,2.64229819111898,2.47386666503418,-1.42685036545684,6.71144674769479,-3.93964224333851,5.1553093830194,-12.4193715800549,4.5400870933779,128,n_EnergySanction_EventOnset,Real_WTI,WTI crude oil price,gpr_plus_poisson_event_residual_with_current_rawN_control,World
0,-0.18616979048044,1.07800803150291,-1.95933521098082,1.58699563001994,0.622648426498042,1.43366938243983,-1.7355278570574,2.98082471005348,140,n_EnergySanction_EventOnset,Real_Gasoline,Gasoline price,gpr_plus_poisson_event_residual_with_current_rawN_control,World
1,-1.0337898700776,1.58549621527094,-3.64169907028384,1.57411933012863,-3.10428392430474,1.82597682833603,-6.10774853312261,-0.100819315486875,139,n_EnergySanction_EventOnset,Real_Gasoline,Gasoline price,gpr_plus_poisson_event_residual_with_current_rawN_control,World
2,-1.62329691292642,1.16109759397208,-3.53313250161603,0.286538675763197,-1.72068883002399,1.61434438085393,-4.3760490400203,0.934671379972319,138,n_EnergySanction_EventOnset,Real_Gasoline,Gasoline price,gpr_plus_poisson_event_residual_with_current_rawN_control,World
3,-0.0337918732203276,1.11626980901922,-1.86989231724202,1.80230857080136,1.19495198473709,1.54251446004649,-1.34225851949547,3.73216248896965,137,n_EnergySanction_EventOnset,Real_Gasoline,Gasoline price,gpr_plus_poisson_event_residual_with_current_rawN_control,World
4,1.49034597670164,2.00455431115809,-1.80685245242795,4.78754440583122,2.99143533377441,2.62731069645894,-1.33010619442448,7.3129768619733,136,n_EnergySanction_EventOnset,Real_Gasoline,Gasoline price,gpr_plus_poisson_event_residual_with_current_rawN_control,World
5,2.89420284076784,2.06772184676085,-0.50689693840355,6.29530261993923,2.2638799591514,3.14582743298759,-2.91054570376168,7.43830562206448,135,n_EnergySanction_EventOnset,Real_Gasoline,Gasoline price,gpr_plus_poisson_event_residual_with_current_rawN_control,World
6,2.52113160259514,1.69051775843394,-0.2595226637908,5.30178586898108,2.57578642039633,3.03621578452644,-2.41834412498929,7.56991696578195,134,n_EnergySanction_EventOnset,Real_Gasoline,Gasoline price,gpr_plus_poisson_event_residual_with_current_rawN_control,World
7,2.37168438170337,1.69669183217261,-0.419125332264684,5.16249409567142,4.69402396315167,4.06985549251896,-2.00029260488651,11.3883405311899,133,n_EnergySanction_EventOnset,Real_Gasoline,Gasoline price,gpr_plus_poisson_event_residual_with_current_rawN_control,World
8,2.12248633759571,1.95715227634978,-1.09674268265455,5.34171535784597,2.49119436986592,3.34234872128006,-3.0064800468682,7.98886878660004,132,n_EnergySanction_EventOnset,Real_Gasoline,Gasoline price,gpr_plus_poisson_event_residual_with_current_rawN_control,World
9,2.01726745599614,1.93923366568488,-1.17248807251204,5.20702298450432,-0.667996172089049,2.36379059191932,-4.55608570056131,3.22009335638321,131,n_EnergySanction_EventOnset,Real_Gasoline,Gasoline price,gpr_plus_poisson_event_residual_with_current_rawN_control,World
10,1.31224521092186,1.20133594183337,-0.663776570189914,3.28826699203364,-1.8148176484569,1.71074715337081,-4.62874630847579,0.999111011561987,130,n_EnergySanction_EventOnset,Real_Gasoline,Gasoline price,gpr_plus_poisson_event_residual_with_current_rawN_control,World
11,0.904452653186457,1.26698036973393,-1.17954460324672,2.98844990961963,-0.305675589383656,2.08213470493176,-3.7304824105922,3.11913123182488,129,n_EnergySanction_EventOnset,Real_Gasoline,Gasoline price,gpr_plus_poisson_event_residual_with_current_rawN_control,World
12,1.27637514638327,1.26857852307227,-0.810250838364891,3.36300113113143,-1.04232892638341,2.86697165814382,-5.75807765664835,3.67341980388153,128,n_EnergySanction_EventOnset,Real_Gasoline,Gasoline price,gpr_plus_poisson_event_residual_with_current_rawN_control,World
0,0.109966204930589,0.128987549274305,-0.102199433324832,0.322131843186011,0.18850990244135,0.145260517400317,-0.0504223864574089,0.42744219134011,140,n_EnergySanction_EventOnset,inv_OECD,OECD inventory,gpr_plus_poisson_event_residual_with_current_rawN_control,World
1,-0.00944530162725505,0.210688894060004,-0.355997693180247,0.337107089925737,0.0861710165756938,0.18140899126975,-0.212220220675962,0.384562253827349,139,n_EnergySanction_EventOnset,inv_OECD,OECD inventory,gpr_plus_poisson_event_residual_with_current_rawN_control,World
2,-0.127349436066918,0.169250540463788,-0.405741801412276,0.151042929278441,-0.167644555798074,0.27190085727815,-0.614881667063254,0.279592555467106,138,n_EnergySanction_EventOnset,inv_OECD,OECD inventory,gpr_plus_poisson_event_residual_with_current_rawN_control,World
3,-0.399987857502139,0.182202086693222,-0.699683620637612,-0.100292094366667,-0.284713485270901,0.247345525948405,-0.691560670737355,0.122133700195553,137,n_EnergySanction_EventOnset,inv_OECD,OECD inventory,gpr_plus_poisson_event_residual_with_current_rawN_control,World
4,-0.605119059315723,0.205523065905509,-0.943174419692587,-0.26706369893886,-0.510197655216386,0.261665598344325,-0.940599263701476,-0.079796046731296,136,n_EnergySanction_EventOnset,inv_OECD,OECD inventory,gpr_plus_poisson_event_residual_with_current_rawN_control,World
5,-0.75704901547611,0.233982202188952,-1.1419154893887,-0.37218254156352,-0.942847935465133,0.449866217129142,-1.68281201435294,-0.202883856577325,135,n_EnergySanction_EventOnset,inv_OECD,OECD inventory,gpr_plus_poisson_event_residual_with_current_rawN_control,World
6,-0.718849336493092,0.239796915223751,-1.11328016223065,-0.324418510755531,-1.05572815412813,0.714657686134241,-2.23123544119478,0.119779132938526,134,n_EnergySanction_EventOnset,inv_OECD,OECD inventory,gpr_plus_poisson_event_residual_with_current_rawN_control,World
7,-0.535951956357482,0.237841970084956,-0.927167183493005,-0.144736729221959,-0.900996712217384,0.648105004071203,-1.9670345788093,0.165041154374533,133,n_EnergySanction_EventOnset,inv_OECD,OECD inventory,gpr_plus_poisson_event_residual_with_current_rawN_control,World
8,-0.282181782249259,0.214830470956565,-0.635546461581857,0.0711828970833395,-0.453672872206824,0.312592535490479,-0.967841837966295,0.0604960935526473,132,n_EnergySanction_EventOnset,inv_OECD,OECD inventory,gpr_plus_poisson_event_residual_with_current_rawN_control,World
9,-0.178640122737607,0.202377378418098,-0.511521287641546,0.154241042166333,-0.600402549246691,0.264447905147695,-1.0353806451686,-0.165424453324786,131,n_EnergySanction_EventOnset,inv_OECD,OECD inventory,gpr_plus_poisson_event_residual_with_current_rawN_control,World
10,-0.0879190716444996,0.205601048384304,-0.426102701784448,0.250264558495448,-0.192829801275316,0.234982861749149,-0.57934221369484,0.193682611144208,130,n_EnergySanction_EventOnset,inv_OECD,OECD inventory,gpr_plus_poisson_event_residual_with_current_rawN_control,World
11,0.176648595374195,0.192989702670454,-0.140791217027588,0.494088407775978,0.403532943642559,0.309963279149539,-0.106311280288331,0.91337716757345,129,n_EnergySanction_EventOnset,inv_OECD,OECD inventory,gpr_plus_poisson_event_residual_with_current_rawN_control,World
12,0.385287010738486,0.272464817926707,-0.0628777332449307,0.833451754721902,0.800636493526682,0.491536706590298,-0.00786944108815024,1.60914242814151,128,n_EnergySanction_EventOnset,inv_OECD,OECD inventory,gpr_plus_poisson_event_residual_with_current_rawN_control,World
0,-0.231164054582902,0.207786785889299,-0.572942902985504,0.1106147938197,0.0997901011323493,0.221804322033099,-0.265045542437306,0.464625744702004,140,n_EnergySanction_EventOnset,inv_USA,U.S. inventory,gpr_plus_poisson_event_residual_with_current_rawN_control,World
1,-0.0482295802476845,0.288465996616683,-0.522713921034807,0.426254760539438,0.0679317957844701,0.301854169758648,-0.428574130153468,0.564437721722408,139,n_EnergySanction_EventOnset,inv_USA,U.S. inventory,gpr_plus_poisson_event_residual_with_current_rawN_control,World
2,-0.363954080687728,0.288456924318111,-0.838423498871639,0.110515337496184,-0.161911255466786,0.432459769843563,-0.87324427640457,0.549421765470998,138,n_EnergySanction_EventOnset,inv_USA,U.S. inventory,gpr_plus_poisson_event_residual_with_current_rawN_control,World
3,-0.843376135335524,0.299633652206222,-1.33622963492365,-0.350522635747403,-0.218622201467088,0.562605166954197,-1.14402535087334,0.706780947939161,137,n_EnergySanction_EventOnset,inv_USA,U.S. inventory,gpr_plus_poisson_event_residual_with_current_rawN_control,World
4,-0.887175493672481,0.302106579852089,-1.38409659726809,-0.390254390076867,-0.589161744273847,0.5082605029996,-1.42517587606892,0.246852387521224,136,n_EnergySanction_EventOnset,inv_USA,U.S. inventory,gpr_plus_poisson_event_residual_with_current_rawN_control,World
5,-1.21913924935125,0.356238929509389,-1.80510014461608,-0.633178354086424,-1.37446025370951,0.676053965993655,-2.4864700716891,-0.262450435729919,135,n_EnergySanction_EventOnset,inv_USA,U.S. inventory,gpr_plus_poisson_event_residual_with_current_rawN_control,World
6,-1.35131963982446,0.355214845333708,-1.93559606651862,-0.767043213130308,-1.46970737715974,1.00069947342536,-3.11571153551187,0.176296781192386,134,n_EnergySanction_EventOnset,inv_USA,U.S. inventory,gpr_plus_poisson_event_residual_with_current_rawN_control,World
7,-1.14455809032413,0.374381983549931,-1.76036165383152,-0.528754526816735,-1.20589831197246,0.966684255021412,-2.79595241496131,0.384155791016396,133,n_EnergySanction_EventOnset,inv_USA,U.S. inventory,gpr_plus_poisson_event_residual_with_current_rawN_control,World
8,-0.671252842567102,0.351850340668013,-1.24999515155899,-0.0925105335752101,-0.688182675961234,0.612750088165258,-1.69606688089469,0.319701528972225,132,n_EnergySanction_EventOnset,inv_USA,U.S. inventory,gpr_plus_poisson_event_residual_with_current_rawN_control,World
9,-0.388894272091571,0.284428857024726,-0.856738109178354,0.0789495649952126,-1.20274889232084,0.422122636306827,-1.89707884166845,-0.508418942973242,131,n_EnergySanction_EventOnset,inv_USA,U.S. inventory,gpr_plus_poisson_event_residual_with_current_rawN_control,World
10,-0.156872486314677,0.372708579727996,-0.769923545476203,0.45617857284685,-0.499873572004002,0.434168799405838,-1.21401769641586,0.214270552407857,130,n_EnergySanction_EventOnset,inv_USA,U.S. inventory,gpr_plus_poisson_event_residual_with_current_rawN_control,World
11,0.351135225767246,0.250019763492382,-0.0601106890227476,0.76238114055724,0.523307078868982,0.498624861990789,-0.296857833864745,1.34347199160271,129,n_EnergySanction_EventOnset,inv_USA,U.S. inventory,gpr_plus_poisson_event_residual_with_current_rawN_control,World
12,0.699851001881754,0.331780723533286,0.154120275425444,1.24558172833806,1.41119289409129,0.675450011877969,0.300176492229394,2.52220929595318,128,n_EnergySanction_EventOnset,inv_USA,U.S. inventory,gpr_plus_poisson_event_residual_with_current_rawN_control,World
0,0.0170815313911849,0.092397122005779,-0.134898209859898,0.169061272642268,-0.0321912867242284,0.134070928674986,-0.252718340024031,0.188335766575574,140,n_EnergySanction_EventOnset,WorldCP,World crude-oil production,gpr_plus_poisson_event_residual_with_current_rawN_control,World
1,-0.243382034557348,0.104907050735517,-0.415938777452444,-0.0708252916622512,0.163330345049915,0.160764468577375,-0.101103674174507,0.427764364274337,139,n_EnergySanction_EventOnset,WorldCP,World crude-oil production,gpr_plus_poisson_event_residual_with_current_rawN_control,World
2,-0.240478659017517,0.166415329514256,-0.514207517349365,0.033250199314332,0.133080789232864,0.192766024445982,-0.183991105230126,0.450152683695853,138,n_EnergySanction_EventOnset,WorldCP,World crude-oil production,gpr_plus_poisson_event_residual_with_current_rawN_control,World
3,-0.0851599540923931,0.217193513670735,-0.442411492804036,0.27209158461925,-0.311956305912283,0.200242363292252,-0.641325683442878,0.0174130716183128,137,n_EnergySanction_EventOnset,WorldCP,World crude-oil production,gpr_plus_poisson_event_residual_with_current_rawN_control,World
4,-0.0332157019010144,0.22565765612272,-0.404389516023839,0.33795811222181,-0.298548547839624,0.336338751103063,-0.851776562475826,0.254679466796578,136,n_EnergySanction_EventOnset,WorldCP,World crude-oil production,gpr_plus_poisson_event_residual_with_current_rawN_control,World
5,0.161972797615663,0.195655928102704,-0.159852565358626,0.483798160589952,0.457135484906639,0.206483490666372,0.117500366378457,0.796770603434822,135,n_EnergySanction_EventOnset,WorldCP,World crude-oil production,gpr_plus_poisson_event_residual_with_current_rawN_control,World
6,0.366543050017369,0.15850794296243,0.105820685134999,0.627265414899739,0.925644814357223,0.35028627599597,0.349475162813927,1.50181446590052,134,n_EnergySanction_EventOnset,WorldCP,World crude-oil production,gpr_plus_poisson_event_residual_with_current_rawN_control,World
7,0.323660046113534,0.142597795291977,0.0891075453322417,0.558212546894826,0.533060435952536,0.395906080811004,-0.118147117001588,1.18426798890666,133,n_EnergySanction_EventOnset,WorldCP,World crude-oil production,gpr_plus_poisson_event_residual_with_current_rawN_control,World
8,0.235212818651171,0.133714699605099,0.0152717100289965,0.455153927273345,0.131062364352209,0.280799121246303,-0.33081108867456,0.592935817378977,132,n_EnergySanction_EventOnset,WorldCP,World crude-oil production,gpr_plus_poisson_event_residual_with_current_rawN_control,World
9,0.394868032413999,0.148607431678716,0.150430559425319,0.639305505402679,0.520920137707825,0.348123899922578,-0.0516927217083176,1.09353299712397,131,n_EnergySanction_EventOnset,WorldCP,World crude-oil production,gpr_plus_poisson_event_residual_with_current_rawN_control,World
10,0.415086743729875,0.161863624921674,0.148844773205947,0.681328714253803,0.777861303686168,0.282105905572265,0.313838381721199,1.24188422565114,130,n_EnergySanction_EventOnset,WorldCP,World crude-oil production,gpr_plus_poisson_event_residual_with_current_rawN_control,World
11,0.424631477891059,0.208643942921403,0.0814427316353329,0.767820224146785,0.817403868888898,0.281752258193738,0.35396264509716,1.28084509268064,129,n_EnergySanction_EventOnset,WorldCP,World crude-oil production,gpr_plus_poisson_event_residual_with_current_rawN_control,World
12,0.283275339743631,0.247981405764207,-0.12461777494415,0.691168454431412,0.872294496137468,0.352610010275441,0.292302641836514,1.45228635043842,128,n_EnergySanction_EventOnset,WorldCP,World crude-oil production,gpr_plus_poisson_event_residual_with_current_rawN_control,World
0,-1.17006612387354,1.34911897528154,-3.38916936355443,1.04903711580736,-1.67412201635516,3.12226148453887,-6.80978514348982,3.4615411107795,140,n_ProducerRegionRisk_EventOnset,Real_Brent,Brent crude oil price,gpr_plus_poisson_event_residual_with_current_rawN_control,World
1,-1.99209478199803,1.87902509940431,-5.08281603188607,1.09862646789001,1.07338272053396,3.49503423450658,-4.67543701641375,6.82220245748166,139,n_ProducerRegionRisk_EventOnset,Real_Brent,Brent crude oil price,gpr_plus_poisson_event_residual_with_current_rawN_control,World
2,-1.55458083227292,1.7358544991005,-4.40980740097842,1.30064573643257,-1.99637110528642,3.2304005802999,-7.30990721629885,3.31716500572601,138,n_ProducerRegionRisk_EventOnset,Real_Brent,Brent crude oil price,gpr_plus_poisson_event_residual_with_current_rawN_control,World
3,2.72462106473882,2.19377759638295,-0.883821971396564,6.33306410087419,4.72095093314784,4.62560807361472,-2.88749728359334,12.329399149889,137,n_ProducerRegionRisk_EventOnset,Real_Brent,Brent crude oil price,gpr_plus_poisson_event_residual_with_current_rawN_control,World
4,3.65405102204015,3.35755564604399,-1.86863656004671,9.176738604127,3.56736018481357,5.72354511241427,-5.84703375236141,12.9817541219886,136,n_ProducerRegionRisk_EventOnset,Real_Brent,Brent crude oil price,gpr_plus_poisson_event_residual_with_current_rawN_control,World
5,6.3885968502142,3.68648067534971,0.324875740678726,12.4523179597497,6.16387289524029,5.2900325371047,-2.53745631010768,14.8652021005883,135,n_ProducerRegionRisk_EventOnset,Real_Brent,Brent crude oil price,gpr_plus_poisson_event_residual_with_current_rawN_control,World
6,5.42425236251403,3.54983512886526,-0.414706824279739,11.2632115493078,3.67365740369447,5.38801055531813,-5.18883130027337,12.5361461076623,134,n_ProducerRegionRisk_EventOnset,Real_Brent,Brent crude oil price,gpr_plus_poisson_event_residual_with_current_rawN_control,World
7,6.04229394723101,4.25557994652913,-0.957512162599389,13.0421000570614,8.75301286598764,5.9764619771997,-1.07739229354685,18.5834180255221,133,n_ProducerRegionRisk_EventOnset,Real_Brent,Brent crude oil price,gpr_plus_poisson_event_residual_with_current_rawN_control,World
8,5.39773637389998,4.02908022846195,-1.22951085316412,12.0249836009641,5.74910412569064,5.86456501368424,-3.8972469075606,15.3954551589419,132,n_ProducerRegionRisk_EventOnset,Real_Brent,Brent crude oil price,gpr_plus_poisson_event_residual_with_current_rawN_control,World
9,4.93326656475806,3.54494899924068,-0.89765565400096,10.7641887835171,0.157006965989087,7.84609780954964,-12.7486754734646,13.0626894054428,131,n_ProducerRegionRisk_EventOnset,Real_Brent,Brent crude oil price,gpr_plus_poisson_event_residual_with_current_rawN_control,World
10,2.92328913084894,2.70775608781848,-1.53057329109922,7.37715155279709,-5.00344981680182,7.69930421995181,-17.6676782879923,7.6607786543887,130,n_ProducerRegionRisk_EventOnset,Real_Brent,Brent crude oil price,gpr_plus_poisson_event_residual_with_current_rawN_control,World
11,2.25387314758564,1.89144364693008,-0.857274795241623,5.3650210904129,-4.97197356916248,5.88391168232272,-14.6501470404931,4.70619990216819,129,n_ProducerRegionRisk_EventOnset,Real_Brent,Brent crude oil price,gpr_plus_poisson_event_residual_with_current_rawN_control,World
12,1.70330981053965,2.10492739531109,-1.75898765010731,5.16560727118661,-10.9947553158096,6.68704680149503,-21.993968500843,0.00445786922370495,128,n_ProducerRegionRisk_EventOnset,Real_Brent,Brent crude oil price,gpr_plus_poisson_event_residual_with_current_rawN_control,World
0,-0.511301414850811,1.39377398161639,-2.80385560366312,1.7812527739615,-0.639573550873737,3.21751535553527,-5.93191535319799,4.65276825145051,140,n_ProducerRegionRisk_EventOnset,Real_WTI,WTI crude oil price,gpr_plus_poisson_event_residual_with_current_rawN_control,World
1,-1.32059445417369,2.00652958754615,-4.62104192383442,1.97985301548703,0.940226200215384,3.4965289231303,-4.81105208073622,6.69150448116699,139,n_ProducerRegionRisk_EventOnset,Real_WTI,WTI crude oil price,gpr_plus_poisson_event_residual_with_current_rawN_control,World
2,-1.18082671201759,1.74028535329631,-4.04334138731754,1.68168796328237,-0.814760918073911,3.15204188867242,-5.9994084509597,4.36988661481188,138,n_ProducerRegionRisk_EventOnset,Real_WTI,WTI crude oil price,gpr_plus_poisson_event_residual_with_current_rawN_control,World
3,3.15703822459393,2.10905304655577,-0.312045328466389,6.62612177765425,5.55617818729231,4.42744406622425,-1.72631924316143,12.838675617746,137,n_ProducerRegionRisk_EventOnset,Real_WTI,WTI crude oil price,gpr_plus_poisson_event_residual_with_current_rawN_control,World
4,4.04206478941951,3.23374957647022,-1.27697993009032,9.36110950892934,3.47408251997455,5.48360582983735,-5.54564641800565,12.4938114579547,136,n_ProducerRegionRisk_EventOnset,Real_WTI,WTI crude oil price,gpr_plus_poisson_event_residual_with_current_rawN_control,World
5,6.44713884572319,3.45876371103837,0.757978810853589,12.1362988805928,5.70748781264815,4.63424702596805,-1.91517021620447,13.3301458415008,135,n_ProducerRegionRisk_EventOnset,Real_WTI,WTI crude oil price,gpr_plus_poisson_event_residual_with_current_rawN_control,World
6,6.17283881254343,3.15350900039072,0.985778095626632,11.3598995294602,4.23357726938024,4.61732925086465,-3.3612534957336,11.8284080344941,134,n_ProducerRegionRisk_EventOnset,Real_WTI,WTI crude oil price,gpr_plus_poisson_event_residual_with_current_rawN_control,World
7,6.31152184196387,3.72174776861651,0.189791526156453,12.4332521577713,9.47941939058539,5.43011822196399,0.547669738412642,18.4111690427581,133,n_ProducerRegionRisk_EventOnset,Real_WTI,WTI crude oil price,gpr_plus_poisson_event_residual_with_current_rawN_control,World
8,5.60784078132008,3.73427607961584,-0.534496772274149,11.7501783349143,6.71174134389297,5.31877895660742,-2.0368715138359,15.4603542016219,132,n_ProducerRegionRisk_EventOnset,Real_WTI,WTI crude oil price,gpr_plus_poisson_event_residual_with_current_rawN_control,World
9,5.20182920289697,3.30230890791342,-0.229985581598572,10.6336439873925,0.201742717055662,6.95128471429934,-11.2321031572319,11.6355885913433,131,n_ProducerRegionRisk_EventOnset,Real_WTI,WTI crude oil price,gpr_plus_poisson_event_residual_with_current_rawN_control,World
10,3.24491190025732,2.43430192135706,-0.759158444181767,7.24898224469642,-5.37420913146106,6.43944815357318,-15.9661587824319,5.21774051950975,130,n_ProducerRegionRisk_EventOnset,Real_WTI,WTI crude oil price,gpr_plus_poisson_event_residual_with_current_rawN_control,World
11,2.98364633282214,1.9263389315924,-0.184899245545437,6.15219191118973,-4.63921834098823,5.26125057786725,-13.2932054362937,4.01476875431724,129,n_ProducerRegionRisk_EventOnset,Real_WTI,WTI crude oil price,gpr_plus_poisson_event_residual_with_current_rawN_control,World
12,2.01228396020792,2.27531748977818,-1.73028026531984,5.75484818573569,-10.7161822255774,6.4381626990989,-21.306017492094,-0.126346959060951,128,n_ProducerRegionRisk_EventOnset,Real_WTI,WTI crude oil price,gpr_plus_poisson_event_residual_with_current_rawN_control,World
0,-0.456443939476435,1.07854216344851,-2.23048792884481,1.31760004989193,-1.16727424181179,2.06323399417824,-4.56099216038545,2.22644367676187,140,n_ProducerRegionRisk_EventOnset,Real_Gasoline,Gasoline price,gpr_plus_poisson_event_residual_with_current_rawN_control,World
1,-0.990890489910319,1.75548639500023,-3.8784086537904,1.89662767396977,-1.32397682734379,2.55263902506797,-5.52269438602472,2.87474073133713,139,n_ProducerRegionRisk_EventOnset,Real_Gasoline,Gasoline price,gpr_plus_poisson_event_residual_with_current_rawN_control,World
2,-1.75683316237332,1.31933948525932,-3.92695349988241,0.413287175135761,-2.26939005751988,1.80071870022343,-5.23130874270173,0.692528627661973,138,n_ProducerRegionRisk_EventOnset,Real_Gasoline,Gasoline price,gpr_plus_poisson_event_residual_with_current_rawN_control,World
3,0.654372217396452,1.23836552812791,-1.38255781303642,2.69130224782933,2.94665969420553,2.32929735041873,-0.884693500879186,6.77801288929024,137,n_ProducerRegionRisk_EventOnset,Real_Gasoline,Gasoline price,gpr_plus_poisson_event_residual_with_current_rawN_control,World
4,1.6381873584063,2.10673015710354,-1.8270753815135,5.1034500983261,0.969373892247294,2.91504354760315,-3.82544605974923,5.76419384424382,136,n_ProducerRegionRisk_EventOnset,Real_Gasoline,Gasoline price,gpr_plus_poisson_event_residual_with_current_rawN_control,World
5,2.75803621710851,2.10279060915656,-0.700746543082161,6.21681897729918,-0.584768995678279,2.82974294667848,-5.23928194486272,4.06974395350616,135,n_ProducerRegionRisk_EventOnset,Real_Gasoline,Gasoline price,gpr_plus_poisson_event_residual_with_current_rawN_control,World
6,2.91117830937327,1.67901502520732,0.149444355454992,5.67291226329155,1.43319447661414,2.63082971015749,-2.8941353140301,5.76052426725839,134,n_ProducerRegionRisk_EventOnset,Real_Gasoline,Gasoline price,gpr_plus_poisson_event_residual_with_current_rawN_control,World
7,2.94742695562353,1.72406553505116,0.111591507192597,5.78326240405446,3.94729513870751,2.86407149304807,-0.763683244480922,8.65827352189594,133,n_ProducerRegionRisk_EventOnset,Real_Gasoline,Gasoline price,gpr_plus_poisson_event_residual_with_current_rawN_control,World
8,2.85690734158356,1.93740221411818,-0.329835717172537,6.04365040033966,3.84525227693133,2.40873172933589,-0.116758844419911,7.80726339828257,132,n_ProducerRegionRisk_EventOnset,Real_Gasoline,Gasoline price,gpr_plus_poisson_event_residual_with_current_rawN_control,World
9,1.96481547657675,2.10561176621791,-1.49860767403848,5.42823862719197,-3.36513325330069,3.71298977595927,-9.47245795312103,2.74219144651965,131,n_ProducerRegionRisk_EventOnset,Real_Gasoline,Gasoline price,gpr_plus_poisson_event_residual_with_current_rawN_control,World
10,1.17128999916948,1.23285849329515,-0.856581765044979,3.19916176338394,-5.00620076540842,3.63159699081019,-10.9796462473686,0.967244716551776,130,n_ProducerRegionRisk_EventOnset,Real_Gasoline,Gasoline price,gpr_plus_poisson_event_residual_with_current_rawN_control,World
11,0.816770592414169,1.25577156262203,-1.2487898169872,2.88233100181554,-3.06243958801156,3.00255947673516,-8.00121043345691,1.87633125743379,129,n_ProducerRegionRisk_EventOnset,Real_Gasoline,Gasoline price,gpr_plus_poisson_event_residual_with_current_rawN_control,World
12,0.987040406046071,1.17314000894085,-0.942603192582162,2.9166840046743,-4.50556678489996,3.8161789768086,-10.7826226159995,1.77148904619963,128,n_ProducerRegionRisk_EventOnset,Real_Gasoline,Gasoline price,gpr_plus_poisson_event_residual_with_current_rawN_control,World
0,0.0976789631769495,0.139221276883025,-0.131319659052909,0.326677585406808,0.0678568670769251,0.331568212411561,-0.477524309690047,0.613238043843898,140,n_ProducerRegionRisk_EventOnset,inv_OECD,OECD inventory,gpr_plus_poisson_event_residual_with_current_rawN_control,World
1,-0.12656309769875,0.23613710991065,-0.51497407939312,0.261847883995621,-0.48349345547555,0.577361832332821,-1.43316915945154,0.466182248500438,139,n_ProducerRegionRisk_EventOnset,inv_OECD,OECD inventory,gpr_plus_poisson_event_residual_with_current_rawN_control,World
2,-0.151611701379113,0.19630147840426,-0.474498900108296,0.171275497350071,-0.0712979266480122,0.399846407241465,-0.728986739822652,0.586390886526627,138,n_ProducerRegionRisk_EventOnset,inv_OECD,OECD inventory,gpr_plus_poisson_event_residual_with_current_rawN_control,World
3,-0.439579090984043,0.203214869831439,-0.773837806676758,-0.105320375291328,-0.303687553758761,0.417883898298148,-0.991045399519089,0.383670292001568,137,n_ProducerRegionRisk_EventOnset,inv_OECD,OECD inventory,gpr_plus_poisson_event_residual_with_current_rawN_control,World
4,-0.729394640133139,0.236016906614476,-1.11760790499983,-0.341181375266452,-0.79459504151165,0.549539563322325,-1.69850718539571,0.109317102372405,136,n_ProducerRegionRisk_EventOnset,inv_OECD,OECD inventory,gpr_plus_poisson_event_residual_with_current_rawN_control,World
5,-1.01141818785991,0.261376038240935,-1.44134351235872,-0.581492863361099,-1.70827632483842,0.64236403671547,-2.76487114045305,-0.651681509223795,135,n_ProducerRegionRisk_EventOnset,inv_OECD,OECD inventory,gpr_plus_poisson_event_residual_with_current_rawN_control,World
6,-0.987908192357271,0.263027099641152,-1.42054927118855,-0.555267113525996,-1.81082470387413,0.60114454348599,-2.79961948654914,-0.822029921199109,134,n_ProducerRegionRisk_EventOnset,inv_OECD,OECD inventory,gpr_plus_poisson_event_residual_with_current_rawN_control,World
7,-0.735735875133615,0.271598392981975,-1.18247547690421,-0.288996273363022,-1.49412787108033,0.543212840596068,-2.38763348214138,-0.60062226001927,133,n_ProducerRegionRisk_EventOnset,inv_OECD,OECD inventory,gpr_plus_poisson_event_residual_with_current_rawN_control,World
8,-0.560928948982834,0.254263707954245,-0.979155531213504,-0.142702366752164,-1.79261080943,0.545500667312144,-2.68987956056283,-0.895342058297168,132,n_ProducerRegionRisk_EventOnset,inv_OECD,OECD inventory,gpr_plus_poisson_event_residual_with_current_rawN_control,World
9,-0.410002149754945,0.238748078880528,-0.802707793229279,-0.017296506280612,-1.49814649961205,0.540872673254594,-2.38780287793381,-0.608490121290293,131,n_ProducerRegionRisk_EventOnset,inv_OECD,OECD inventory,gpr_plus_poisson_event_residual_with_current_rawN_control,World
10,-0.215988582411062,0.251177978631709,-0.629139591573768,0.197162426751644,-0.690987052289997,0.583615166183398,-1.65094857513065,0.268974470550652,130,n_ProducerRegionRisk_EventOnset,inv_OECD,OECD inventory,gpr_plus_poisson_event_residual_with_current_rawN_control,World
11,0.0934591339333555,0.221626538288627,-0.271084081399392,0.458002349266103,-0.368573709801778,0.569441128350417,-1.3052210151043,0.568073595500745,129,n_ProducerRegionRisk_EventOnset,inv_OECD,OECD inventory,gpr_plus_poisson_event_residual_with_current_rawN_control,World
12,0.339448631382378,0.231487493392414,-0.04131441171804,0.720211674482796,0.00459478604059054,0.519088844417727,-0.849230382409956,0.858419954491137,128,n_ProducerRegionRisk_EventOnset,inv_OECD,OECD inventory,gpr_plus_poisson_event_residual_with_current_rawN_control,World
0,-0.219515924156313,0.225460464071033,-0.590365386217713,0.151333537905088,0.125891852133054,0.50523155262067,-0.705140099645379,0.956923803911487,140,n_ProducerRegionRisk_EventOnset,inv_USA,U.S. inventory,gpr_plus_poisson_event_residual_with_current_rawN_control,World
1,-0.252991193279316,0.355365953426772,-0.83751617066841,0.331533784109778,-0.869475886723551,1.01436013411848,-2.53794983236332,0.798998058916218,139,n_ProducerRegionRisk_EventOnset,inv_USA,U.S. inventory,gpr_plus_poisson_event_residual_with_current_rawN_control,World
2,-0.456175140690232,0.353535686710819,-1.0376895972333,0.125339315852837,-0.345258550588874,0.65661028707025,-1.42528636277002,0.734769261592275,138,n_ProducerRegionRisk_EventOnset,inv_USA,U.S. inventory,gpr_plus_poisson_event_residual_with_current_rawN_control,World
3,-0.879159614553873,0.351116400298182,-1.45669469906648,-0.301624530041263,-0.0623262589068214,0.697060728590664,-1.20888912653461,1.08423660872097,137,n_ProducerRegionRisk_EventOnset,inv_USA,U.S. inventory,gpr_plus_poisson_event_residual_with_current_rawN_control,World
4,-1.08989650774106,0.362803195566388,-1.68665465983802,-0.493138355644101,-1.17189390998801,0.918769590885658,-2.683135403889,0.339347583912989,136,n_ProducerRegionRisk_EventOnset,inv_USA,U.S. inventory,gpr_plus_poisson_event_residual_with_current_rawN_control,World
5,-1.55297656602426,0.402507814299021,-2.21504300425031,-0.890910127798203,-2.35614061392129,0.938974259375062,-3.90061583006843,-0.811665397774146,135,n_ProducerRegionRisk_EventOnset,inv_USA,U.S. inventory,gpr_plus_poisson_event_residual_with_current_rawN_control,World
6,-1.71525574633398,0.394960664085475,-2.36490822715813,-1.06560326550982,-2.56025094881288,0.961556793987854,-4.14187112892363,-0.978630768702125,134,n_ProducerRegionRisk_EventOnset,inv_USA,U.S. inventory,gpr_plus_poisson_event_residual_with_current_rawN_control,World
7,-1.48074920395267,0.425954918667177,-2.1813826968402,-0.780115711065148,-2.43998515455503,0.979869539624952,-4.0517271207464,-0.82824318836366,133,n_ProducerRegionRisk_EventOnset,inv_USA,U.S. inventory,gpr_plus_poisson_event_residual_with_current_rawN_control,World
8,-1.06213004262038,0.406209196971487,-1.73028471355997,-0.393975371680781,-2.70153798494233,0.98381482060666,-4.31976936086581,-1.08330660901885,132,n_ProducerRegionRisk_EventOnset,inv_USA,U.S. inventory,gpr_plus_poisson_event_residual_with_current_rawN_control,World
9,-0.717949721665569,0.345609541255169,-1.28642682910817,-0.149472614222971,-2.39134024327612,0.794694751787332,-3.69849678807281,-1.08418369847942,131,n_ProducerRegionRisk_EventOnset,inv_USA,U.S. inventory,gpr_plus_poisson_event_residual_with_current_rawN_control,World
10,-0.386428532521266,0.435428911410706,-1.1026453567347,0.329788291692164,-1.4327305231269,0.859598321239746,-2.84664393953949,-0.0188171067143075,130,n_ProducerRegionRisk_EventOnset,inv_USA,U.S. inventory,gpr_plus_poisson_event_residual_with_current_rawN_control,World
11,0.119912304218954,0.305626590319756,-0.382798701361308,0.622623309799216,-0.988950120616785,0.819626457960041,-2.33711567273775,0.359215431504177,129,n_ProducerRegionRisk_EventOnset,inv_USA,U.S. inventory,gpr_plus_poisson_event_residual_with_current_rawN_control,World
12,0.578539614123862,0.270954558723896,0.132859025467826,1.0242202027799,0.00923051198167843,0.606985833908765,-0.989172338431318,1.00763336239467,128,n_ProducerRegionRisk_EventOnset,inv_USA,U.S. inventory,gpr_plus_poisson_event_residual_with_current_rawN_control,World
0,-0.0720162012160734,0.100109325092832,-0.236681387686683,0.092648985254536,-0.388498795432117,0.336820451630949,-0.942519136928716,0.165521546064482,140,n_ProducerRegionRisk_EventOnset,WorldCP,World crude-oil production,gpr_plus_poisson_event_residual_with_current_rawN_control,World
1,-0.233418620303661,0.121236944737436,-0.432835648575549,-0.0340015920317737,0.14990305824317,0.381434151883139,-0.47750028992497,0.77730640641131,139,n_ProducerRegionRisk_EventOnset,WorldCP,World crude-oil production,gpr_plus_poisson_event_residual_with_current_rawN_control,World
2,-0.329810306853248,0.169777152534009,-0.609068871972305,-0.0505517417341897,-0.318516965773353,0.370017611130255,-0.927141775476872,0.290107843930167,138,n_ProducerRegionRisk_EventOnset,WorldCP,World crude-oil production,gpr_plus_poisson_event_residual_with_current_rawN_control,World
3,-0.0736008949088104,0.253279377704479,-0.490208397958035,0.343006608140414,-0.188637980416034,0.53786885140137,-1.0733535114678,0.696077550635732,137,n_ProducerRegionRisk_EventOnset,WorldCP,World crude-oil production,gpr_plus_poisson_event_residual_with_current_rawN_control,World
4,0.103797989609642,0.300300280517263,-0.390152015973724,0.597747995193007,0.231428174757755,0.46643460241674,-0.535788472763088,0.998644822278598,136,n_ProducerRegionRisk_EventOnset,WorldCP,World crude-oil production,gpr_plus_poisson_event_residual_with_current_rawN_control,World
5,0.278267739217502,0.251944547737184,-0.136144163918654,0.692679642353658,0.59763738952407,0.511388195833994,-0.243521339173645,1.43879611822178,135,n_ProducerRegionRisk_EventOnset,WorldCP,World crude-oil production,gpr_plus_poisson_event_residual_with_current_rawN_control,World
6,0.500587595705969,0.200599719146839,0.170630420101843,0.830544771310095,0.886109512370332,0.489511415754107,0.0809348847330386,1.69128414000763,134,n_ProducerRegionRisk_EventOnset,WorldCP,World crude-oil production,gpr_plus_poisson_event_residual_with_current_rawN_control,World
7,0.47891477888614,0.195519759337895,0.157313393598524,0.800516164173755,0.804130606926694,0.517609345331979,-0.0472610020865889,1.65552221593998,133,n_ProducerRegionRisk_EventOnset,WorldCP,World crude-oil production,gpr_plus_poisson_event_residual_with_current_rawN_control,World
8,0.552561334194592,0.182276292482564,0.25274351339738,0.852379154991805,1.53325347154079,0.598759022501965,0.548382521708514,2.51812442137306,132,n_ProducerRegionRisk_EventOnset,WorldCP,World crude-oil production,gpr_plus_poisson_event_residual_with_current_rawN_control,World
9,0.680325327061846,0.194541867172091,0.360332431249921,1.00031822287377,1.60926937438807,0.607490116307145,0.610037053243091,2.60850169553305,131,n_ProducerRegionRisk_EventOnset,WorldCP,World crude-oil production,gpr_plus_poisson_event_residual_with_current_rawN_control,World
10,0.604075318160123,0.229251741046813,0.226989760414333,0.981160875905913,1.39528487375585,0.619823851709561,0.37576536320035,2.41480438431136,130,n_ProducerRegionRisk_EventOnset,WorldCP,World crude-oil production,gpr_plus_poisson_event_residual_with_current_rawN_control,World
11,0.579341343747084,0.271749819999521,0.132352666697462,1.02633002079671,1.264024356613,0.567041037704671,0.331324849114144,2.19672386411185,129,n_ProducerRegionRisk_EventOnset,WorldCP,World crude-oil production,gpr_plus_poisson_event_residual_with_current_rawN_control,World
12,0.391660892381693,0.296888657390694,-0.0966774925281436,0.879999277291529,1.20196315205164,0.447939447589777,0.465168327028961,1.93875797707433,128,n_ProducerRegionRisk_EventOnset,WorldCP,World crude-oil production,gpr_plus_poisson_event_residual_with_current_rawN_control,World
